Title,Year,month,Rated,Runtime,Country,Director,Genre,Language,Production,Metascore,imdbRating
The Racket,1928,11,PASSED,84,USA,Lewis Milestone,Crime,English,Paramount Pictures,,6.9
The Broadway Melody,1929,6,Passed,100,USA,Harry Beaumont,Drama,English,MGM Home Entertainment,,5.7
The Hollywood Revue of 1929,1929,11,,130,USA,"Charles Reisner, Christy Cabanne",Musical,English,Metro-Goldwyn-Mayer Pictures,,7.4
All Quiet on the Western Front,1930,8,Not Rated,136,USA,Lewis Milestone,Drama,English,Universal Pictures,91.0,8.0
The Big House,1930,6,Passed,87,USA,"George W. Hill, Ward Wing",Crime,English,Warner Bros.,,7.2
The Divorcee,1930,4,Passed,84,USA,Robert Z. Leonard,Romance,English,MGM,,6.8
Cimarron,1931,2,Passed,123,USA,Wesley Ruggles,Drama,English,MGM Home Entertainment,,5.9
East Lynne,1931,3,,102,USA,Frank Lloyd,Drama,English,,,6.9
The Front Page,1931,4,TV-PG,101,USA,Lewis Milestone,Comedy,English,United Artists,,6.7
Skippy,1931,4,Approved,85,USA,Norman Taurog,Comedy,English,Paramount Pictures,,6.3
Trader Horn,1931,5,PASSED,122,USA,W.S. Van Dyke,Action,English,MGM,,6.4
Grand Hotel,1932,9,Not Rated,112,USA,Edmund Goulding,Drama,English,MGM Home Entertainment,,7.4
One Hour with You,1932,3,Passed,78,USA,"George Cukor, Ernst Lubitsch",Comedy,English,Paramount Pictures,,7.3
Shanghai Express,1932,2,Approved,82,USA,Josef von Sternberg,Adventure,English,Paramount Pictures,,7.3
Cavalcade,1933,4,Passed,112,USA,Frank Lloyd,Drama,English,20th Century Fox Film Corporation,,5.9
42nd Street,1933,3,Passed,89,USA,Lloyd Bacon,Comedy,English,MGM Home Entertainment,,7.4
Lady for a Day,1933,9,Passed,96,USA,Frank Capra,Comedy,English,Columbia Pictures,,7.4
Little Women,1933,11,Not Rated,115,USA,George Cukor,Drama,English,WARNER BROTHERS PICTURES,92.0,7.2
The Private Life of Henry VIII.,1933,9,Not Rated,97,UK,Alexander Korda,Biography,English,Criterion Collection,,7.1
She Done Him Wrong,1933,2,Passed,66,USA,Lowell Sherman,Comedy,English,MCA Universal Home Video,,6.5
State Fair,1933,2,Passed,99,USA,Henry King,Comedy,English,20th Century Fox Film Corporation,,6.9
A Tale of Two Cities,1935,12,Passed,128,USA,"Jack Conway, Robert Z. Leonard",Drama,English,Warner Home Video,,7.8
In Old Chicago,1938,4,APPROVED,95,USA,Henry King,Action,English,20th Century Fox Film Corporation,,6.9
La Grande Illusion,1937,9,Not Rated,113,France,Jean Renoir,Drama,French,Rialto Pictures,,8.1
49th Parallel,1941,4,Not Rated,104,UK,Michael Powell,Drama,English,,,7.3
Casablanca,1942,1,PG,102,USA,Michael Curtiz,Drama,English,Warner Bros. Pictures,100.0,8.5
In Which We Serve,1942,12,Not Rated,115,UK,"Noël Coward, David Lean",Drama,English,MCA Universal Home Video,,7.3
The Ox-Bow Incident,1942,5,Not Rated,75,USA,William A. Wellman,Drama,English,20th Century Fox Film Corporat,,8.0
Henry V,1944,10,Not Rated,137,UK,Laurence Olivier,Biography,English,Paramount Home Video,,7.1
Great Expectations,1946,5,Not Rated,118,UK,David Lean,Adventure,English,Universal Pictures,,7.8
12 Angry Men,1957,4,Not Rated,96,USA,Sidney Lumet,Drama,English,Criterion Collection,96.0,8.9
The Music Man,1962,6,G,151,USA,Morton DaCosta,Comedy,English,Warner Bros. Pictures,,7.7
How the West Was Won,1962,2,G,164,USA,"John Ford, Henry Hathaway, George Marshall, Richard Thorpe",Western,English,Warner Home Video,56.0,7.1
The Russians Are Coming! The Russians Are Coming!,1966,5,Unrated,126,USA,Norman Jewison,Comedy,English,MGM,,7.1
MASH,1970,3,R,116,USA,Robert Altman,Comedy,English,20th Century Fox,80.0,7.5
The Emigrants,1971,3,PG,151,Sweden,Jan Troell,Drama,Swedish,Swedish Film Production,,8.0
Cries & Whispers,1972,3,R,91,Sweden,Ingmar Bergman,Drama,Swedish,Criterion Collection,,8.1
Tess,1979,12,PG,170,UK,Roman Polanski,Drama,English,Criterion Collection,82.0,7.3
Witness,1985,2,R,112,USA,Peter Weir,Crime,English,Paramount Pictures,76.0,7.4
A Room with a View,1985,4,Not Rated,117,UK,James Ivory,Drama,English,Cinecom Pictures,80.0,7.3
Goodfellas,1990,9,R,146,USA,Martin Scorsese,Biography,English,Warner Bros.,90.0,8.7
The Postman,1997,12,R,177,USA,Kevin Costner,Action,English,Warner Home Video,29.0,6.1
Life Is Beautiful,1997,2,PG-13,116,Italy,Roberto Benigni,Comedy,Italian,Miramax,59.0,8.6
The Hurt Locker,2008,7,R,131,USA,Kathryn Bigelow,Drama,English,Summit Entertainment,95.0,7.6
Precious,2009,11,R,110,USA,Lee Daniels,Drama,English,Lionsgate Films,79.0,7.3
7th Heaven,1927,10,Not Rated,110,USA,Frank Borzage,Drama,English,Fox,,7.8
Wings,1927,1,PG-13,144,USA,"William A. Wellman, Harry d'Abbadie d'Arrast",Drama,English,Unknown,,7.5
In Old Arizona,1928,1,PASSED,95,USA,Irving Cummings,Romance,English,20th Century Fox Film Corporation,,5.7
Disraeli,1929,11,PASSED,90,USA,Alfred E. Green,Biography,English,A & E,,6.4
The Love Parade,1929,1,APPROVED,107,USA,Ernst Lubitsch,Comedy,English,Paramount Pictures,,7.2
Arrowsmith,1931,12,PASSED,108,USA,John Ford,Drama,English,United Artists,,6.2
Bad Girl,1931,9,Passed,90,USA,Frank Borzage,Drama,English,,,6.6
The Champ,1931,11,Passed,86,USA,King Vidor,Drama,English,MGM,,7.3
Five Star Final,1931,9,NOT RATED,89,USA,Mervyn LeRoy,Crime,English,Vitaphone Corporation,,7.3
The Smiling Lieutenant,1931,8,Passed,93,USA,Ernst Lubitsch,Comedy,English,Paramount Pictures,,7.7
A Farewell to Arms,1932,12,Unrated,80,USA,Frank Borzage,Drama,English,Gravitas,,6.5
I Am a Fugitive from a Chain Gang,1932,11,Passed,92,USA,Mervyn LeRoy,Crime,English,Vitaphone Corporation,,8.2
Smilin' Through,1932,9,Approved,98,USA,Sidney Franklin,Drama,English,MGM,,6.9
The Barretts of Wimpole Street,1934,9,PASSED,109,USA,Sidney Franklin,Biography,English,MGM,,7.0
Cleopatra,1934,10,Passed,100,USA,Cecil B. DeMille,Biography,English,Paramount Pictures,,6.8
Flirtation Walk,1934,12,NOT RATED,97,USA,Frank Borzage,Musical,English,Warner Brothers,,5.8
The Gay Divorcee,1934,10,Approved,107,USA,Mark Sandrich,Comedy,English,RKO Radio Pictures,,7.5
Here Comes the Navy,1934,7,APPROVED,87,USA,Lloyd Bacon,Comedy,English,Warner Bros.,,6.4
The House of Rothschild,1934,4,PASSED,88,USA,"Alfred L. Werker, Sidney Lanfield",Biography,English,20th Century Fox Film Corporation,,6.8
Imitation of Life,1934,11,Approved,111,USA,John M. Stahl,Drama,English,Universal Studios,,7.5
It Happened One Night,1934,2,Not Rated,105,USA,Frank Capra,Comedy,English,Sony Pictures Home Entertainment,87.0,8.1
One Night of Love,1934,9,PASSED,84,USA,Victor Schertzinger,Music,English,Sony Pictures Home Entertainment,,5.9
The Thin Man,1934,5,Not Rated,91,USA,W.S. Van Dyke,Comedy,English,MGM,,8.0
Viva Villa!,1934,4,,115,USA,"Jack Conway, Howard Hawks, William A. Wellman",Biography,English,MGM,,6.5
The White Parade,1934,11,APPROVED,80,USA,Irving Cummings,Drama,English,,,7.0
Alice Adams,1935,11,Passed,99,USA,George Stevens,Comedy,English,Turner Home Entertainment,,7.0
Broadway Melody of 1936,1935,9,Passed,101,USA,"Roy Del Ruth, W.S. Van Dyke",Musical,English,MGM,,6.8
Captain Blood,1935,12,Passed,119,USA,Michael Curtiz,Action,English,Twentieth Century Fox Home Entertainment,,7.7
David Copperfield,1935,6,Passed,130,USA,George Cukor,Adventure,English,WARNER BROTHERS PICTURES,,7.5
The Informer,1935,5,Approved,91,USA,John Ford,Crime,English,Media Home Entertainment,,7.5
Les Misérables,1935,4,Approved,108,USA,Richard Boleslawski,Drama,English,20th Century Fox Film Corporation,,7.6
The Lives of a Bengal Lancer,1935,2,Passed,109,USA,Henry Hathaway,Adventure,English,Paramount Pictures,,7.2
A Midsummer Night's Dream,1935,10,Approved,133,USA,"William Dieterle, Max Reinhardt",Comedy,English,Warner Bros.,,6.9
Mutiny on the Bounty,1935,11,Not Rated,132,USA,Frank Lloyd,Adventure,English,MGM,87.0,7.7
Naughty Marietta,1935,3,G,105,USA,"Robert Z. Leonard, W.S. Van Dyke",Drama,English,MGM Home Entertainment,,6.7
Ruggles of Red Gap,1935,3,NOT RATED,90,USA,Leo McCarey,Comedy,English,MCA Universal Home Video,,7.7
Top Hat,1935,9,Not Rated,101,USA,Mark Sandrich,Comedy,English,Turner Home Entertainment,,7.8
Anthony Adverse,1936,8,NOT RATED,141,USA,"Mervyn LeRoy, Michael Curtiz",Adventure,English,Warner Bros.,,6.5
Dodsworth,1936,9,Passed,101,USA,William Wyler,Drama,English,Samuel Goldwyn Films,,7.8
The Great Ziegfeld,1936,4,Not Rated,176,USA,Robert Z. Leonard,Biography,English,MGM Home Entertainment,,6.8
Libeled Lady,1936,10,Not Rated,98,USA,Jack Conway,Comedy,English,Warner Home Video,,7.8
Mr. Deeds Goes to Town,1936,4,Not Rated,115,USA,Frank Capra,Comedy,English,Columbia Pictures,,8.0
Romeo and Juliet,1936,9,Passed,125,USA,George Cukor,Drama,English,MGM,,6.7
San Francisco,1936,6,Unrated,115,USA,W.S. Van Dyke,Drama,English,MGM,,7.2
The Story of Louis Pasteur,1936,2,UNRATED,86,USA,William Dieterle,Biography,English,MGM Home Entertainment,,7.4
Three Smart Girls,1936,12,APPROVED,84,USA,Henry Koster,Comedy,English,Universal Pictures,,6.8
The Awful Truth,1937,10,Not Rated,90,USA,Leo McCarey,Comedy,English,Columbia,,7.7
Captains Courageous,1937,6,Passed,117,USA,Victor Fleming,Adventure,English,MGM Home Entertainment,,8.0
Dead End,1937,8,Approved,93,USA,William Wyler,Crime,English,MGM,,7.4
The Good Earth,1937,8,PASSED,138,USA,"Sidney Franklin, Victor Fleming, Gustav Machatý, Sam Wood",Drama,English,WARNER BROTHERS PICTURES,,7.7
The Life of Emile Zola,1937,10,Not Rated,116,USA,William Dieterle,Biography,English,MGM Home Entertainment,,7.2
Lost Horizon,1937,9,Approved,132,USA,Frank Capra,Adventure,English,Sony Pictures Home Entertainment,,7.7
One Hundred Men and a Girl,1937,9,APPROVED,84,USA,Henry Koster,Comedy,English,Universal,,6.9
Stage Door,1937,10,Approved,92,USA,Gregory La Cava,Comedy,English,Warner Home Video,,7.7
A Star Is Born,1937,4,Passed,111,USA,"William A. Wellman, Jack Conway",Drama,English,Image Entertainment Inc.,77.0,7.6
The Adventures of Robin Hood,1938,5,PG,102,USA,"Michael Curtiz, William Keighley",Action,English,Warner Bros.,97.0,7.9
Alexander's Ragtime Band,1938,8,APPROVED,106,USA,Henry King,Drama,English,20th Century Fox Film Corporation,,7.0
Boys Town,1938,9,Passed,96,USA,Norman Taurog,Biography,English,MGM Home Entertainment,,7.3
The Citadel,1938,10,PASSED,110,UK,King Vidor,Drama,English,MGM Home Entertainment,,7.2
Four Daughters,1938,8,Approved,90,USA,Michael Curtiz,Drama,English,Warner Brothers,,7.0
Jezebel,1938,3,Approved,104,USA,William Wyler,Drama,English,MGM Home Entertainment,,7.5
Pygmalion,1938,3,Not Rated,89,UK,"Anthony Asquith, Leslie Howard",Comedy,English,Criterion Collection,,7.8
Test Pilot,1938,4,Passed,119,USA,Victor Fleming,Drama,English,MGM,,6.9
You Can't Take It with You,1938,9,Passed,126,USA,Frank Capra,Comedy,English,Columbia Pictures,,7.9
Dark Victory,1939,4,Approved,104,USA,Edmund Goulding,Drama,English,Twentieth Century Fox Home Entertainment,,7.6
Gone with the Wind,1939,1,Passed,238,USA,"Victor Fleming, George Cukor, Sam Wood",Drama,English,Loew&#39;s Inc.,97.0,8.1
"Goodbye, Mr. Chips",1939,7,Unrated,114,UK,"Sam Wood, Sidney Franklin",Drama,English,MGM Home Entertainment,,7.9
Love Affair,1939,4,Approved,88,USA,Leo McCarey,Comedy,English,Madacy Entertainment,,7.3
Mr. Smith Goes to Washington,1939,10,Not Rated,129,USA,Frank Capra,Comedy,English,ITVS,73.0,8.1
Ninotchka,1939,11,Not Rated,110,USA,Ernst Lubitsch,Comedy,English,Warner Bros. Pictures,,7.9
Of Mice and Men,1939,1,Approved,106,USA,Lewis Milestone,Drama,English,United Artists,,7.9
Stagecoach,1939,3,Passed,96,USA,John Ford,Adventure,English,Warner Home Video,93.0,7.9
The Wizard of Oz,1939,8,PG,102,USA,"Victor Fleming, George Cukor, Mervyn LeRoy, Norman Taurog, Richard Thorpe, King Vidor",Adventure,English,Warner Bros. Pictures,100.0,8.0
Wuthering Heights,1939,4,Not Rated,104,USA,William Wyler,Drama,English,United Artists,,7.6
"All This, and Heaven Too",1940,7,Approved,141,USA,Anatole Litvak,Drama,English,Warner Bros. Pictures,,7.6
Foreign Correspondent,1940,8,Passed,120,USA,Alfred Hitchcock,Action,English,Warner Home Video,,7.5
The Grapes of Wrath,1940,3,Passed,129,USA,John Ford,Drama,English,20th Century Fox Film Corporation,96.0,8.0
The Great Dictator,1940,3,Passed,125,USA,Charles Chaplin,Comedy,English,Criterion Collection,,8.5
Kitty Foyle,1940,12,Approved,108,USA,Sam Wood,Drama,English,Media Home Entertainment,,7.0
The Letter,1940,11,Not Rated,95,USA,William Wyler,Crime,English,MGM Home Entertainment,,7.6
The Long Voyage Home,1940,11,Approved,105,USA,John Ford,Drama,English,Criterion Collection,,7.0
Our Town,1940,5,NOT RATED,90,USA,Sam Wood,Drama,English,United Artists,,6.8
The Philadelphia Story,1940,1,Not Rated,112,USA,George Cukor,Comedy,English,MGM,96.0,7.9
Rebecca,1940,4,Not Rated,130,USA,Alfred Hitchcock,Drama,English,United Artists,,8.1
Blossoms in the Dust,1941,8,Approved,99,USA,Mervyn LeRoy,Biography,English,WARNER BROTHERS PICTURES,,6.9
Citizen Kane,1941,9,PG,119,USA,Orson Welles,Drama,English,RKO Radio Pictures,100.0,8.3
Here Comes Mr. Jordan,1941,8,Not Rated,94,USA,Alexander Hall,Comedy,English,Sony Pictures Entertainment,,7.6
Hold Back the Dawn,1941,9,Not Rated,116,USA,Mitchell Leisen,Drama,English,Paramount Pictures,,7.4
How Green Was My Valley,1941,4,Not Rated,118,USA,John Ford,Drama,English,Twentieth Century Fox Home Entertainment,,7.7
The Little Foxes,1941,8,Approved,116,USA,William Wyler,Drama,English,RKO,,8.2
The Maltese Falcon,1941,10,Not Rated,100,USA,John Huston,Film-Noir,English,Warner Bros.,96.0,8.0
One Foot in Heaven,1941,11,Approved,108,USA,Irving Rapper,Biography,English,Warner Bros.,,7.0
Sergeant York,1941,9,Not Rated,134,USA,Howard Hawks,Biography,English,Warner Bros. Pictures,,7.7
Suspicion,1941,11,Not Rated,99,USA,Alfred Hitchcock,Mystery,English,WARNER BROTHERS PICTURES,83.0,7.4
Kings Row,1942,4,Passed,127,USA,Sam Wood,Drama,English,Warner Home Video,,7.6
The Magnificent Ambersons,1942,7,Not Rated,88,USA,"Orson Welles, Fred Fleck, Robert Wise",Drama,English,RKO Radio Pictures,93.0,7.7
Mrs. Miniver,1942,12,Not Rated,134,USA,William Wyler,Drama,English,MGM Home Entertainment,,7.6
The Pied Piper,1942,8,,87,USA,Irving Pichel,Drama,English,20th Century Fox Film Corporation,,7.1
The Pride of the Yankees,1942,3,Approved,128,USA,Sam Wood,Biography,English,MGM,,7.7
Random Harvest,1942,8,Passed,126,USA,Mervyn LeRoy,Drama,English,MGM Home Entertainment,,8.0
The Talk of the Town,1942,8,Approved,118,USA,George Stevens,Comedy,English,Sony Pictures Entertainment,,7.5
Wake Island,1942,8,Approved,88,USA,John Farrow,Action,English,MCA Universal Home Video,,6.8
Yankee Doodle Dandy,1942,6,Passed,126,USA,Michael Curtiz,Biography,English,MGM Home Entertainment,,7.7
For Whom the Bell Tolls,1943,7,Passed,170,USA,Sam Wood,Adventure,English,MCA Universal Home Video,,6.9
Heaven Can Wait,1943,8,Not Rated,112,USA,Ernst Lubitsch,Comedy,English,20th Century Fox Film Corporation,,7.5
The Human Comedy,1943,2,Passed,117,USA,Clarence Brown,Comedy,English,Warner Home Video,,7.1
Madame Curie,1943,2,Not Rated,124,USA,"Mervyn LeRoy, Albert Lewin",Biography,English,Warner Bros. Pictures,,7.2
The More the Merrier,1943,5,Passed,104,USA,George Stevens,Comedy,English,Columbia Pictures,,7.8
The Song of Bernadette,1943,4,Approved,156,USA,Henry King,Biography,English,Twentieth Century Fox Home Entertainment,,7.6
Watch on the Rhine,1943,8,Approved,114,USA,"Herman Shumlin, Hal Mohr",Drama,English,Warner Home Video,,7.4
Double Indemnity,1944,7,Passed,107,USA,Billy Wilder,Crime,English,Paramount Pictures,95.0,8.3
Gaslight,1944,10,Not Rated,114,USA,George Cukor,Crime,English,MGM,,7.8
Going My Way,1944,10,Passed,126,USA,Leo McCarey,Comedy,English,Paramount Pictures,,7.1
Since You Went Away,1944,7,Approved,177,USA,"John Cromwell, Edward F. Cline, Tay Garnett, David O. Selznick",Drama,English,United Artists,,7.6
Wilson,1944,8,Passed,154,USA,Henry King,Biography,English,Twentieth Century Fox Film Cor,,6.8
Anchors Aweigh,1945,8,Passed,140,USA,George Sidney,Comedy,English,MGM Home Entertainment,,7.1
The Bells of St. Mary's,1945,2,Unrated,126,USA,Leo McCarey,Drama,English,RKO Radio Pictures,,7.3
The Lost Weekend,1945,1,Not Rated,101,USA,Billy Wilder,Drama,English,Paramount Pictures,,7.9
Mildred Pierce,1945,10,Passed,111,USA,Michael Curtiz,Crime,English,MGM Home Entertainment,,8.0
Spellbound,1945,12,Approved,111,USA,Alfred Hitchcock,Film-Noir,English,Twentieth Century Fox Home Entertainment,,7.6
The Best Years of Our Lives,1946,5,Approved,170,USA,William Wyler,Drama,English,RKO Radio Pictures,92.0,8.0
It's a Wonderful Life,1946,1,Not Rated,130,USA,Frank Capra,Drama,English,Liberty Films,89.0,8.6
The Razor's Edge,1946,12,Approved,145,USA,Edmund Goulding,Drama,English,Twentieth Century Fox,,7.4
The Yearling,1946,5,Approved,128,USA,Clarence Brown,Drama,English,MGM Home Entertainment,89.0,7.2
The Bishop's Wife,1947,2,Not Rated,109,USA,Henry Koster,Comedy,English,RKO Radio Pictures,,7.6
Crossfire,1947,8,Approved,86,USA,Edward Dmytryk,Crime,English,WARNER BROTHERS PICTURES,,7.3
Gentleman's Agreement,1947,3,Not Rated,118,USA,Elia Kazan,Drama,English,Twentieth Century Fox Home Entertainment,,7.2
Miracle on 34th Street,1947,10,Not Rated,96,USA,George Seaton,Comedy,English,20th Century Fox,88.0,7.9
Hamlet,1948,8,Not Rated,154,UK,Laurence Olivier,Drama,English,Universal,,7.7
Johnny Belinda,1948,9,Unrated,102,USA,Jean Negulesco,Drama,English,Warner Bros. Pictures,,7.8
The Red Shoes,1948,9,Not Rated,135,UK,"Michael Powell, Emeric Pressburger",Drama,English,Eagle-Lion Films,,8.2
The Snake Pit,1948,11,Not Rated,108,USA,Anatole Litvak,Drama,English,20th Century Fox Film Corporation,,7.6
The Treasure of the Sierra Madre,1948,1,Passed,126,USA,John Huston,Adventure,English,WARNER BROTHERS PICTURES,98.0,8.2
All the King's Men,1949,1,Approved,110,USA,Robert Rossen,Drama,English,Sony Pictures Home Entertainment,,7.5
Battleground,1949,1,Approved,118,USA,William A. Wellman,Action,English,MGM,,7.4
The Heiress,1949,12,Not Rated,115,USA,William Wyler,Drama,English,Paramount Pictures,,8.2
A Letter to Three Wives,1949,2,Not Rated,103,USA,Joseph L. Mankiewicz,Drama,English,Fox,,7.8
Twelve O'Clock High,1949,2,Not Rated,132,USA,Henry King,Drama,English,Twentieth Century Fox Home Entertainment,,7.7
All About Eve,1950,10,Passed,138,USA,Joseph L. Mankiewicz,Drama,English,20th Century Fox,98.0,8.2
Born Yesterday,1950,2,Not Rated,103,USA,George Cukor,Comedy,English,Columbia Pictures,,7.6
Father of the Bride,1950,6,Not Rated,92,USA,Vincente Minnelli,Comedy,English,MGM,,7.2
King Solomon's Mines,1950,11,Passed,103,USA,"Compton Bennett, Andrew Marton",Action,English,MGM Home Entertainment,,6.8
Sunset Blvd.,1950,9,Not Rated,110,USA,Billy Wilder,Drama,English,Paramount Pictures,,8.4
An American in Paris,1951,11,Passed,114,USA,Vincente Minnelli,Drama,English,MGM,84.0,7.2
Decision Before Dawn,1951,2,Not Rated,119,USA,Anatole Litvak,Drama,English,20th Century Fox Film Corporation,,7.3
A Place in the Sun,1951,10,Passed,122,USA,George Stevens,Drama,English,Paramount Pictures,76.0,7.8
Quo Vadis,1951,12,Not Rated,171,USA,"Mervyn LeRoy, Anthony Mann",Biography,English,MGM Home Entertainment,,7.2
A Streetcar Named Desire,1951,12,PG,122,USA,Elia Kazan,Drama,English,Warner Bros. Pictures,96.0,8.0
The Greatest Show on Earth,1952,5,Passed,152,USA,Cecil B. DeMille,Drama,English,Paramount Pictures,,6.6
High Noon,1952,7,PG,85,USA,Fred Zinnemann,Drama,English,United Artists,89.0,7.9
Ivanhoe,1952,2,Approved,106,UK,Richard Thorpe,Adventure,English,MGM Home Entertainment,,6.8
Moulin Rouge,1952,4,Not Rated,119,UK,John Huston,Biography,English,United Artists,,7.1
The Quiet Man,1952,9,Passed,129,USA,John Ford,Comedy,English,Republic Pictures,,7.8
From Here to Eternity,1953,8,Passed,118,USA,Fred Zinnemann,Drama,English,NCM Fathom,85.0,7.6
Julius Caesar,1953,6,Not Rated,120,USA,Joseph L. Mankiewicz,Biography,English,MGM Home Entertainment,,7.3
The Robe,1953,12,Unrated,135,USA,Henry Koster,Drama,English,20th Century Fox,,6.7
Roman Holiday,1953,9,Not Rated,118,USA,William Wyler,Comedy,English,Paramount Pictures,78.0,8.0
Shane,1953,10,Not Rated,118,USA,George Stevens,Drama,English,Paramount Home Video,80.0,7.6
The Caine Mutiny,1954,6,Not Rated,124,USA,Edward Dmytryk,Drama,English,Sony Pictures Home Entertainment,63.0,7.7
The Country Girl,1954,5,Unrated,104,USA,George Seaton,Drama,English,Paramount Pictures,,7.3
On the Waterfront,1954,6,Not Rated,108,USA,Elia Kazan,Crime,English,Sony Pictures,91.0,8.1
Seven Brides for Seven Brothers,1954,8,G,102,USA,Stanley Donen,Comedy,English,MGM Home Entertainment,75.0,7.4
Three Coins in the Fountain,1954,5,G,102,USA,Jean Negulesco,Drama,English,20th Century Fox Film Corporation,,6.3
Love Is a Many-Splendored Thing,1955,9,Approved,102,USA,"Henry King, Otto Lang",Biography,English,20th Century Fox Film Corporation,,6.5
Marty,1955,6,Not Rated,90,USA,Delbert Mann,Drama,English,MGM Home Entertainment,,7.7
Mister Roberts,1955,7,Not Rated,123,USA,"John Ford, Mervyn LeRoy, Joshua Logan",Comedy,English,Warner Home Video,,7.7
Pup on a Picnic,1955,4,Approved,7,USA,"Joseph Barbera, William Hanna",Animation,English,,,7.4
The Rose Tattoo,1955,12,Unrated,117,USA,Daniel Mann,Comedy,English,Paramount Pictures,,7.2
Around the World in 80 Days,1956,10,G,175,USA,"Michael Anderson, John Farrow",Adventure,English,United Artists,,6.8
Friendly Persuasion,1956,11,Passed,137,USA,William Wyler,Drama,English,Twentieth Century Fox Home Entertainment,,7.4
Giant,1956,11,G,201,USA,George Stevens,Drama,English,Warner Bros. Pictures,84.0,7.6
The King and I,1956,6,G,133,USA,Walter Lang,Biography,English,20th Century Fox,72.0,7.4
The Ten Commandments,1956,10,G,220,USA,Cecil B. DeMille,Adventure,English,Paramount Pictures,,7.8
The Bridge on the River Kwai,1957,12,PG,161,UK,David Lean,Adventure,English,Columbia Pictures,87.0,8.1
Peyton Place,1957,3,Approved,157,USA,Mark Robson,Drama,English,20th Century Fox,,7.2
Sayonara,1957,12,Not Rated,147,USA,Joshua Logan,Drama,English,MGM Home Entertainment,,7.1
12 Angry Men,1957,4,Not Rated,96,USA,Sidney Lumet,Drama,English,Criterion Collection,96.0,8.9
Witness for the Prosecution,1957,2,Not Rated,116,USA,Billy Wilder,Crime,English,MGM,,8.4
Auntie Mame,1958,12,Approved,143,USA,Morton DaCosta,Comedy,English,Warner Bros. Pictures,,7.9
Cat on a Hot Tin Roof,1958,8,Not Rated,108,USA,Richard Brooks,Drama,English,MGM Home Entertainment,80.0,8.0
The Defiant Ones,1958,9,Approved,96,USA,Stanley Kramer,Crime,English,MGM Home Entertainment,69.0,7.6
Gigi,1958,6,G,115,USA,"Vincente Minnelli, Charles Walters",Comedy,English,MGM Home Entertainment,82.0,6.7
Separate Tables,1958,2,Approved,100,USA,Delbert Mann,Drama,English,MGM Home Entertainment,,7.4
Anatomy of a Murder,1959,9,Not Rated,161,USA,Otto Preminger,Crime,English,Sony Pictures Home Entertainment,95.0,8.0
Ben-Hur,1959,1,G,212,USA,William Wyler,Adventure,English,MGM,90.0,8.1
The Diary of Anne Frank,1959,4,Approved,180,USA,George Stevens,Biography,English,Fox,59.0,7.4
The Nun's Story,1959,7,Not Rated,149,USA,Fred Zinnemann,Drama,English,Warner Home Video,,7.6
Room at the Top,1959,1,Not Rated,115,UK,Jack Clayton,Drama,English,Lion International Films,,7.7
The Alamo,1960,10,Passed,162,USA,John Wayne,Adventure,English,Batjac Productions,,6.9
The Apartment,1960,9,Not Rated,125,USA,Billy Wilder,Comedy,English,United Artists,94.0,8.3
Elmer Gantry,1960,7,Approved,146,USA,Richard Brooks,Drama,English,MGM Home Entertainment,,7.8
Sons and Lovers,1960,7,Not Rated,103,UK,Jack Cardiff,Drama,English,20th Century Fox,,7.1
The Sundowners,1960,12,Unrated,133,UK,Fred Zinnemann,Drama,English,Warner Home Video,82.0,7.1
Fanny,1961,6,Not Rated,134,USA,Joshua Logan,Drama,English,Westchester Films,,7.0
The Guns of Navarone,1961,4,TV-PG,158,UK,J. Lee Thompson,Action,English,Columbia Pictures,,7.5
The Hustler,1961,9,Not Rated,134,USA,Robert Rossen,Drama,English,Fox,90.0,8.0
Judgment at Nuremberg,1961,12,Not Rated,179,USA,Stanley Kramer,Drama,English,United Artists,60.0,8.2
West Side Story,1961,12,Not Rated,153,USA,"Jerome Robbins, Robert Wise",Crime,English,United Artists Films,86.0,7.5
Lawrence of Arabia,1962,12,Approved,228,UK,David Lean,Adventure,English,Columbia Pictures,100.0,8.3
The Longest Day,1962,10,G,178,USA,"Ken Annakin, Andrew Marton, Bernhard Wicki, Gerd Oswald, Darryl F. Zanuck",Action,English,Twentieth Century Fox Home Entertainment,75.0,7.8
Mutiny on the Bounty,1962,11,Not Rated,178,USA,"Lewis Milestone, Carol Reed",Adventure,English,WARNER BROTHERS PICTURES,,7.3
To Kill a Mockingbird,1962,3,Not Rated,129,USA,Robert Mulligan,Crime,English,Universal International Pictur,88.0,8.3
America America,1963,6,Not Rated,174,USA,Elia Kazan,Drama,English,Warner Home Video,,7.8
Cleopatra,1963,7,G,192,Switzerland,Joseph L. Mankiewicz,Biography,English,20th Century Fox,60.0,7.0
Lilies of the Field,1963,7,Unrated,94,USA,Ralph Nelson,Drama,English,Twentieth Century Fox Home Entertainment,,7.6
Tom Jones,1963,6,Not Rated,129,UK,Tony Richardson,Adventure,English,Woodfall Film Productions,77.0,6.5
Becket,1964,3,PG-13,148,UK,Peter Glenville,Biography,English,Slowhand Releasing,68.0,7.8
Dr. Strangelove or: How I Learned to Stop Worrying and Love the Bomb,1964,1,PG,95,UK,Stanley Kubrick,Comedy,English,Sony Pictures,97.0,8.4
Mary Poppins,1964,6,G,139,USA,Robert Stevenson,Comedy,English,Walt Disney Productions,88.0,7.8
My Fair Lady,1964,12,G,170,USA,George Cukor,Drama,English,Warner Bros. Pictures,95.0,7.8
Zorba the Greek,1964,12,Not Rated,142,Greece,Michael Cacoyannis,Comedy,English,Fox,,7.7
Darling,1965,8,TV-MA,128,UK,John Schlesinger,Drama,English,Lionsgate,,7.2
Doctor Zhivago,1965,12,PG-13,197,USA,David Lean,Drama,English,MGM,69.0,8.0
Ship of Fools,1965,10,Not Rated,149,USA,Stanley Kramer,Drama,English,Columbia Pictures,,7.2
The Sound of Music,1965,4,G,172,USA,Robert Wise,Biography,English,20th Century-Fox,63.0,8.0
A Thousand Clowns,1965,9,Unrated,118,USA,Fred Coe,Comedy,English,Harrell Incoporated,,7.5
Alfie,1966,8,PG,114,UK,Lewis Gilbert,Comedy,English,Paramount Pictures,,7.1
A Man for All Seasons,1966,5,G,120,UK,Fred Zinnemann,Biography,English,Sony Pictures Home Entertainment,72.0,7.7
The Sand Pebbles,1966,12,PG-13,182,USA,Robert Wise,Adventure,English,Twentieth Century Fox Home Entertainment,,7.6
Who's Afraid of Virginia Woolf?,1966,6,Not Rated,131,USA,Mike Nichols,Drama,English,Warner Home Video,75.0,8.0
Bonnie and Clyde,1967,8,R,111,USA,Arthur Penn,Action,English,Warner Brothers/Seven Arts,86.0,7.8
Doctor Dolittle,1967,12,Approved,152,USA,Richard Fleischer,Adventure,English,20th Century Fox,34.0,6.2
The Graduate,1967,12,PG,106,USA,Mike Nichols,Comedy,English,Embassy Pictures/Rialto Pictures,83.0,8.0
Guess Who's Coming to Dinner,1967,12,Not Rated,108,USA,Stanley Kramer,Comedy,English,Columbia Pictures Corporation,63.0,7.8
In the Heat of the Night,1967,8,Not Rated,110,USA,Norman Jewison,Crime,English,MGM,75.0,8.0
Funny Girl,1968,9,G,151,USA,William Wyler,Biography,English,Columbia Pictures,89.0,7.4
The Lion in Winter,1968,10,PG,134,UK,Anthony Harvey,Biography,English,Nelson Entertainment,,7.9
Oliver!,1968,9,G,153,UK,Carol Reed,Drama,English,Sony Pictures Home Entertainment,74.0,7.4
"Rachel, Rachel",1968,8,APPROVED,101,USA,Paul Newman,Drama,English,Warner Bros.,,7.5
Romeo and Juliet,1968,10,PG,138,UK,Franco Zeffirelli,Drama,English,Paramount Home Video,,7.6
Anne of the Thousand Days,1969,12,PG,145,UK,Charles Jarrott,Biography,English,Universal Pictures,,7.5
Butch Cassidy and the Sundance Kid,1969,9,PG,110,USA,George Roy Hill,Biography,English,20th Century Fox,66.0,8.0
"Hello, Dolly!",1969,12,G,146,USA,Gene Kelly,Adventure,English,20th Century Fox,51.0,7.1
Midnight Cowboy,1969,6,R,113,USA,John Schlesinger,Drama,English,United Artists,79.0,7.8
Z,1969,12,M/PG,127,France,Costa-Gavras,Crime,French,Rialto Pictures,,8.3
Airport,1970,3,G,137,USA,"George Seaton, Henry Hathaway",Action,English,Universal Pictures,42.0,6.6
Five Easy Pieces,1970,9,R,98,USA,Bob Rafelson,Drama,English,Columbia Pictures,85.0,7.5
Love Story,1970,12,PG,100,USA,Arthur Hiller,Drama,English,Paramount Pictures,84.0,6.9
Patton,1970,4,GP,172,USA,Franklin J. Schaffner,Biography,English,Twentieth Century Fox Home Entertainment,91.0,7.9
A Clockwork Orange,1971,2,R,136,UK,Stanley Kubrick,Crime,English,Warner Bros.,80.0,8.3
Fiddler on the Roof,1971,11,G,181,USA,Norman Jewison,Drama,English,United Artists,67.0,8.0
The French Connection,1971,10,R,104,USA,William Friedkin,Action,English,20th Century Fox,94.0,7.7
The Last Picture Show,1971,10,R,118,USA,Peter Bogdanovich,Drama,English,Columbia Pictures,93.0,8.0
Nicholas and Alexandra,1971,12,GP,183,UK,Franklin J. Schaffner,Biography,English,Sony Pictures Home Entertainment,,7.2
Cabaret,1972,2,PG,124,USA,Bob Fosse,Drama,English,Twentieth Century Fox Home Entertainment,80.0,7.8
Deliverance,1972,8,R,109,USA,John Boorman,Adventure,English,Warner Bros.,82.0,7.7
The Godfather,1972,3,R,175,USA,Francis Ford Coppola,Crime,English,Paramount Pictures,100.0,9.2
Sounder,1972,4,G,105,USA,Martin Ritt,Drama,English,Rainbow Group / KOCH Entertainment,80.0,7.6
American Graffiti,1973,8,PG,110,USA,George Lucas,Comedy,English,Universal Pictures,97.0,7.4
The Exorcist,1973,12,R,122,USA,William Friedkin,Horror,English,Warner Bros. Pictures,81.0,8.0
The Sting,1973,12,PG,129,USA,George Roy Hill,Comedy,English,Universal Pictures,83.0,8.3
A Touch of Class,1973,8,PG,106,UK,Melvin Frank,Comedy,English,Media Home Entertainment,,6.5
Chinatown,1974,6,R,130,USA,Roman Polanski,Drama,English,Paramount Pictures,92.0,8.2
The Conversation,1974,6,PG,113,USA,Francis Ford Coppola,Drama,English,Paramount Pictures,85.0,7.8
The Godfather: Part II,1974,12,R,202,USA,Francis Ford Coppola,Crime,English,Paramount Pictures,90.0,9.0
Lenny,1974,12,R,111,USA,Bob Fosse,Biography,English,Twentieth Century Fox Home Entertainment,61.0,7.6
The Towering Inferno,1974,1,PG,165,USA,John Guillermin,Action,English,20th Century Fox,69.0,6.9
Barry Lyndon,1975,12,PG,185,UK,Stanley Kubrick,Adventure,English,Warner Bros.,89.0,8.1
Dog Day Afternoon,1975,12,R,125,USA,Sidney Lumet,Biography,English,WARNER BROTHERS PICTURES,86.0,8.0
Jaws,1975,6,PG,124,USA,Steven Spielberg,Adventure,English,Universal Pictures,87.0,8.0
Nashville,1975,7,R,160,USA,Robert Altman,Comedy,English,Paramount Pictures,96.0,7.7
One Flew Over the Cuckoo's Nest,1975,11,R,133,USA,Milos Forman,Drama,English,United Artists,83.0,8.7
All the President's Men,1976,4,PG,138,USA,Alan J. Pakula,Biography,English,Warner Home Video,80.0,8.0
Bound for Glory,1976,12,PG,147,USA,Hal Ashby,Biography,English,United Artists,70.0,7.3
Network,1976,11,R,121,USA,Sidney Lumet,Drama,English,MGM/United Artists,83.0,8.1
Rocky,1976,12,PG,120,USA,John G. Avildsen,Drama,English,United Artists,70.0,8.1
Taxi Driver,1976,2,R,114,USA,Martin Scorsese,Crime,English,Columbia Pictures,94.0,8.3
Annie Hall,1977,4,PG,93,USA,Woody Allen,Comedy,English,United Artists,92.0,8.0
The Goodbye Girl,1977,11,PG,111,USA,Herbert Ross,Comedy,English,MGM Home Entertainment,64.0,7.4
Julia,1977,1,PG,117,USA,Fred Zinnemann,Drama,English,20th Century Fox Film Corporation,58.0,7.2
Star Wars: Episode IV - A New Hope,1977,5,PG,121,USA,George Lucas,Action,English,20th Century Fox,90.0,8.6
The Turning Point,1977,11,PG,119,USA,Herbert Ross,Drama,English,Paramount Pictures,68.0,6.9
Coming Home,1978,2,R,127,USA,Hal Ashby,Drama,English,MGM Home Entertainment,61.0,7.3
The Deer Hunter,1978,2,R,183,USA,Michael Cimino,Drama,English,Universal Pictures,86.0,8.1
Heaven Can Wait,1978,6,PG,101,USA,"Warren Beatty, Buck Henry",Comedy,English,Paramount Home Video,72.0,6.9
Midnight Express,1978,10,R,121,UK,Alan Parker,Biography,English,Sony Pictures Home Entertainment,59.0,7.6
An Unmarried Woman,1978,5,R,124,USA,Paul Mazursky,Comedy,English,20th Century Fox Film Corporation,,7.1
All That Jazz,1979,12,R,123,USA,Bob Fosse,Drama,English,20th Century Fox Film Corporation,72.0,7.9
Apocalypse Now,1979,8,R,147,USA,Francis Ford Coppola,Drama,English,United Artists,94.0,8.4
Breaking Away,1979,7,PG,101,USA,Peter Yates,Comedy,English,Twentieth Century Fox,91.0,7.7
Kramer vs. Kramer,1979,12,PG,105,USA,Robert Benton,Drama,English,Sony Pictures Home Entertainment,77.0,7.8
Norma Rae,1979,3,PG,114,USA,Martin Ritt,Drama,English,20th Century Fox Film Corporat,61.0,7.3
Coal Miner's Daughter,1980,3,PG,124,USA,Michael Apted,Biography,English,MCA Universal Home Video,87.0,7.5
The Elephant Man,1980,10,PG,124,USA,David Lynch,Biography,English,Paramount,77.0,8.1
Ordinary People,1980,2,R,124,USA,Robert Redford,Drama,English,Paramount Pictures,87.0,7.7
Raging Bull,1980,12,R,129,USA,Martin Scorsese,Biography,English,United Artists,89.0,8.2
Chariots of Fire,1981,4,PG,125,UK,Hugh Hudson,Biography,English,20th Century Fox,78.0,7.2
On Golden Pond,1981,2,PG,109,UK,Mark Rydell,Drama,English,Twentieth Century Fox Home Entertainment,68.0,7.6
Raiders of the Lost Ark,1981,6,PG,115,USA,Steven Spielberg,Action,English,Paramount Pictures,85.0,8.4
Reds,1981,12,PG,195,USA,Warren Beatty,Biography,English,Paramount Home Video,76.0,7.3
E.T. the Extra-Terrestrial,1982,6,PG,115,USA,Steven Spielberg,Family,English,Universal Pictures,91.0,7.8
Gandhi,1982,2,PG,191,UK,Richard Attenborough,Biography,English,Columbia Pictures,79.0,8.0
Missing,1982,3,PG,122,USA,Costa-Gavras,Biography,English,Universal Pictures,78.0,7.7
Tootsie,1982,12,PG,116,USA,Sydney Pollack,Comedy,English,Columbia Pictures,88.0,7.4
The Verdict,1982,12,R,129,USA,Sidney Lumet,Drama,English,Twentieth Century Fox Home Entertainment,77.0,7.7
The Big Chill,1983,9,R,105,USA,Lawrence Kasdan,Comedy,English,Columbia Pictures,61.0,7.2
The Dresser,1983,12,PG,118,UK,Peter Yates,Drama,English,Sony Pictures Entertainment,,7.7
The Right Stuff,1983,2,PG,193,USA,Philip Kaufman,Adventure,English,Warner Bros. Pictures,91.0,7.8
Tender Mercies,1983,6,PG,92,USA,Bruce Beresford,Drama,English,HBO Video,,7.4
Terms of Endearment,1983,12,PG,132,USA,James L. Brooks,Comedy,English,Paramount Pictures,79.0,7.4
Amadeus,1984,9,R,160,USA,Milos Forman,Biography,English,Warner Bros. Pictures,88.0,8.3
The Killing Fields,1984,2,R,141,UK,Roland Joffé,Biography,English,Warner Home Video,76.0,7.8
A Passage to India,1984,2,PG,164,UK,David Lean,Adventure,English,Sony Pictures Entertainment,,7.3
Places in the Heart,1984,10,PG,111,USA,Robert Benton,Drama,English,Twentieth Century Fox Home Entertainment,70.0,7.3
A Soldier's Story,1984,11,PG,101,USA,Norman Jewison,Crime,English,Sony Pictures Home Entertainment,,7.2
The Color Purple,1985,2,PG-13,154,USA,Steven Spielberg,Drama,English,Warner Home Video,78.0,7.8
Kiss of the Spider Woman,1985,7,R,120,Brazil,Hector Babenco,Drama,English,Strand Releasing,80.0,7.4
Out of Africa,1985,12,PG,161,USA,Sydney Pollack,Biography,English,Universal Pictures,69.0,7.2
Prizzi's Honor,1985,6,R,130,USA,John Huston,Comedy,English,Fox,84.0,6.7
Witness,1985,2,R,112,USA,Peter Weir,Crime,English,Paramount Pictures,76.0,7.4
Children of a Lesser God,1986,10,R,119,USA,Randa Haines,Drama,English,Paramount Pictures,80.0,7.2
Hannah and Her Sisters,1986,3,PG-13,107,USA,Woody Allen,Comedy,English,Orion Pictures,90.0,7.9
The Mission,1986,10,PG,125,UK,Roland Joffé,Adventure,English,Warner Home Video,55.0,7.4
Platoon,1986,2,R,120,USA,Oliver Stone,Drama,English,Orion Pictures,92.0,8.1
Broadcast News,1987,12,R,133,USA,James L. Brooks,Comedy,English,Twentieth Century Fox Home Entertainment,84.0,7.2
Fatal Attraction,1987,9,R,119,USA,Adrian Lyne,Drama,English,Paramount Pictures,67.0,6.9
Hope and Glory,1987,2,PG-13,113,UK,John Boorman,Comedy,English,Nelson Entertainment,,7.3
The Last Emperor,1987,4,PG-13,163,UK,Bernardo Bertolucci,Biography,English,Columbia Pictures,76.0,7.7
Moonstruck,1987,1,PG,102,USA,Norman Jewison,Comedy,English,MGM Home Entertainment,83.0,7.1
The Accidental Tourist,1988,1,PG,121,USA,Lawrence Kasdan,Drama,English,Warner Home Video,53.0,6.8
Dangerous Liaisons,1988,2,R,119,USA,Stephen Frears,Drama,English,Warner Home Video,74.0,7.6
Mississippi Burning,1988,1,R,128,USA,Alan Parker,Crime,English,Orion Pictures Corporation,65.0,7.8
Rain Man,1988,12,R,133,USA,Barry Levinson,Drama,English,MGM,65.0,8.0
Working Girl,1988,12,R,113,USA,Mike Nichols,Comedy,English,20th Century Fox,73.0,6.8
Born on the Fourth of July,1989,1,R,145,USA,Oliver Stone,Biography,English,Universal Pictures,75.0,7.2
Dead Poets Society,1989,6,PG,128,USA,Peter Weir,Comedy,English,Buena Vista Pictures,79.0,8.1
Driving Miss Daisy,1989,1,PG,99,USA,Bruce Beresford,Drama,English,Fathom Events,81.0,7.4
Field of Dreams,1989,5,PG,107,USA,Phil Alden Robinson,Drama,English,Universal Pictures,57.0,7.5
My Left Foot,1989,3,R,103,Ireland,Jim Sheridan,Biography,English,HBO Video,97.0,7.9
Awakenings,1990,1,PG-13,121,USA,Penny Marshall,Biography,English,Columbia Pictures,74.0,7.8
Dances with Wolves,1990,11,PG-13,181,USA,Kevin Costner,Adventure,English,Orion Pictures,72.0,8.0
Ghost,1990,7,PG-13,127,USA,Jerry Zucker,Drama,English,Paramount Pictures,52.0,7.0
The Godfather: Part III,1990,12,R,162,USA,Francis Ford Coppola,Crime,English,Paramount Pictures,60.0,7.6
Beauty and the Beast,1991,11,G,84,USA,"Gary Trousdale, Kirk Wise",Animation,English,Buena Vista,95.0,8.0
Bugsy,1991,12,R,136,USA,Barry Levinson,Biography,English,Sony Pictures Home Entertainment,80.0,6.8
JFK,1991,12,R,189,France,Oliver Stone,Drama,English,Warner Bros.,72.0,8.0
The Prince of Tides,1991,12,R,132,USA,Barbra Streisand,Drama,English,Sony Pictures Home Entertainment,65.0,6.7
The Silence of the Lambs,1991,2,R,118,USA,Jonathan Demme,Crime,English,Orion Pictures Corporation,85.0,8.6
The Crying Game,1992,2,R,112,UK,Neil Jordan,Crime,English,Live Home Video,90.0,7.2
A Few Good Men,1992,12,R,138,USA,Rob Reiner,Drama,English,Columbia Pictures,62.0,7.7
Howards End,1992,2,PG,142,UK,James Ivory,Drama,English,Sony Pictures Home Entertainment,89.0,7.4
Scent of a Woman,1992,1,R,156,USA,Martin Brest,Drama,English,Universal Pictures,59.0,8.0
Unforgiven,1992,8,R,130,USA,Clint Eastwood,Drama,English,Warner Bros. Pictures,85.0,8.2
The Fugitive,1993,8,PG-13,130,USA,Andrew Davis,Action,English,Warner Bros. Pictures,87.0,7.8
In the Name of the Father,1993,2,R,133,Ireland,Jim Sheridan,Biography,English,Universal Pictures,84.0,8.1
The Piano,1993,2,R,121,New Zealand,Jane Campion,Drama,English,Miramax Films,89.0,7.6
The Remains of the Day,1993,11,PG,134,USA,James Ivory,Drama,English,Sony Pictures Home Entertainment,84.0,7.8
Schindler's List,1993,2,R,195,USA,Steven Spielberg,Biography,English,Universal Pictures,94.0,8.9
Forrest Gump,1994,7,PG-13,142,USA,Robert Zemeckis,Drama,English,Paramount Pictures,82.0,8.8
Four Weddings and a Funeral,1994,4,R,117,UK,Mike Newell,Comedy,English,Gramercy Pictures,81.0,7.0
Pulp Fiction,1994,10,R,154,USA,Quentin Tarantino,Crime,English,Miramax Films,94.0,8.9
Quiz Show,1994,10,PG-13,133,USA,Robert Redford,Biography,English,Buena Vista Internationa,88.0,7.5
The Shawshank Redemption,1994,10,R,142,USA,Frank Darabont,Drama,English,Columbia Pictures,80.0,9.3
Apollo 13,1995,6,PG,140,USA,Ron Howard,Adventure,English,Universal Pictures,77.0,7.6
Babe,1995,8,G,91,Australia,Chris Noonan,Comedy,English,Universal Pictures,83.0,6.7
Braveheart,1995,5,R,178,USA,Mel Gibson,Biography,English,Paramount Pictures,68.0,8.3
Sense and Sensibility,1995,1,PG,136,USA,Ang Lee,Drama,English,Columbia Pictures,84.0,7.6
The English Patient,1996,12,R,162,USA,Anthony Minghella,Drama,English,Miramax Films,87.0,7.4
Fargo,1996,4,R,98,USA,"Joel Coen, Ethan Coen",Crime,English,MGM,85.0,8.1
Jerry Maguire,1996,12,R,139,USA,Cameron Crowe,Comedy,English,TriStar Pictures,77.0,7.3
Secrets & Lies,1996,2,R,136,UK,Mike Leigh,Drama,English,Twentieth Century Fox Home Entertainment,91.0,8.0
Shine,1996,2,PG-13,105,Australia,Scott Hicks,Biography,English,New Line Home Entertainment,87.0,7.7
As Good as It Gets,1997,12,PG-13,139,USA,James L. Brooks,Comedy,English,TriStar Pictures,67.0,7.7
The Full Monty,1997,9,R,91,UK,Peter Cattaneo,Comedy,English,Twentieth Century Fox Home Entertainment,75.0,7.2
Good Will Hunting,1997,1,R,126,USA,Gus Van Sant,Drama,English,Miramax Films,70.0,8.3
L.A. Confidential,1997,9,R,138,USA,Curtis Hanson,Crime,English,Warner Bros. Pictures,90.0,8.2
Titanic,1997,12,PG-13,194,USA,James Cameron,Drama,English,Paramount Pictures,75.0,7.8
Elizabeth,1998,2,R,124,UK,Shekhar Kapur,Biography,English,Gramercy,75.0,7.4
Saving Private Ryan,1998,7,R,169,USA,Steven Spielberg,Drama,English,Paramount Pictures,91.0,8.6
Shakespeare in Love,1998,1,R,123,USA,John Madden,Comedy,English,Miramax,87.0,7.1
The Thin Red Line,1998,1,R,170,USA,Terrence Malick,Drama,English,20th Century Fox,78.0,7.6
American Beauty,1999,10,R,122,USA,Sam Mendes,Drama,English,Dreamworks,84.0,8.3
The Cider House Rules,1999,1,PG-13,126,USA,Lasse Hallström,Drama,English,Miramax,75.0,7.4
The Green Mile,1999,12,R,189,USA,Frank Darabont,Crime,English,Warner Bros. Pictures,61.0,8.6
The Insider,1999,11,R,157,USA,Michael Mann,Biography,English,Buena Vista Pictures,84.0,7.8
The Sixth Sense,1999,8,PG-13,107,USA,M. Night Shyamalan,Drama,English,Hollywood/Buena Vista,64.0,8.1
Chocolat,2000,1,PG-13,121,UK,Lasse Hallström,Drama,English,Miramax,64.0,7.2
"Crouching Tiger, Hidden Dragon",2000,1,PG-13,120,Taiwan,Ang Lee,Action,Mandarin,Sony Pictures Classics,93.0,7.8
Erin Brockovich,2000,3,R,131,USA,Steven Soderbergh,Biography,English,Universal Pictures,73.0,7.3
Gladiator,2000,5,R,155,USA,Ridley Scott,Action,English,Dreamworks Distribution LLC,67.0,8.5
Traffic,2000,1,R,147,USA,Steven Soderbergh,Crime,English,USA Films,86.0,7.6
A Beautiful Mind,2001,1,PG-13,135,USA,Ron Howard,Biography,English,Universal Pictures,72.0,8.2
Gosford Park,2001,1,R,131,USA,Robert Altman,Comedy,English,USA Films,90.0,7.2
In the Bedroom,2001,2,R,130,USA,Todd Field,Crime,English,Miramax Films,86.0,7.4
The Lord of the Rings: The Fellowship of the Ring,2001,12,PG-13,178,New Zealand,Peter Jackson,Adventure,English,New Line Cinema,92.0,8.8
Moulin Rouge!,2001,6,PG-13,127,Australia,Baz Luhrmann,Drama,English,20th Century Fox,66.0,7.6
Chicago,2002,1,PG-13,113,USA,Rob Marshall,Comedy,English,Miramax Films,82.0,7.1
Gangs of New York,2002,12,R,167,USA,Martin Scorsese,Crime,English,Miramax Films,72.0,7.5
The Hours,2002,2,PG-13,110,USA,Stephen Daldry,Drama,English,Miramax Films,80.0,7.5
The Lord of the Rings: The Two Towers,2002,12,PG-13,179,New Zealand,Peter Jackson,Adventure,English,New Line Cinema,87.0,8.7
The Pianist,2002,3,R,150,UK,Roman Polanski,Biography,English,Focus Features,85.0,8.5
The Lord of the Rings: The Return of the King,2003,12,PG-13,201,New Zealand,Peter Jackson,Adventure,English,New Line Cinema,94.0,8.9
Lost in Translation,2003,10,R,102,USA,Sofia Coppola,Drama,English,Focus Features,89.0,7.7
Master and Commander: The Far Side of the World,2003,11,PG-13,138,USA,Peter Weir,Action,English,20th Century Fox,81.0,7.4
Mystic River,2003,10,R,138,USA,Clint Eastwood,Crime,English,WB,84.0,7.9
Seabiscuit,2003,7,PG-13,140,USA,Gary Ross,Drama,English,Universal Pictures,72.0,7.3
The Aviator,2004,12,PG-13,170,USA,Martin Scorsese,Biography,English,Miramax,77.0,7.5
Finding Neverland,2004,12,PG,106,USA,Marc Forster,Biography,English,Miramax Films,67.0,7.7
Million Dollar Baby,2004,1,PG-13,132,USA,Clint Eastwood,Drama,English,Warner Bros. Pictures,86.0,8.1
Ray,2004,10,PG-13,152,USA,Taylor Hackford,Biography,English,Universal Pictures,73.0,7.7
Sideways,2004,1,R,127,USA,Alexander Payne,Comedy,English,Fox Searchlight Pictures,94.0,7.5
Brokeback Mountain,2005,1,R,134,USA,Ang Lee,Drama,English,Focus Features,87.0,7.7
Capote,2005,2,R,114,USA,Bennett Miller,Biography,English,Sony Pictures Classics,88.0,7.3
Crash,2005,3,,10,Spain,Nacho Vigalondo,Short,Spanish,,,6.3
"Good Night, and Good Luck.",2005,11,PG,93,USA,George Clooney,Biography,English,Warner Independent Pictures,80.0,7.4
Munich,2005,1,R,164,France,Steven Spielberg,Biography,English,Universal Pictures,74.0,7.5
Babel,2006,11,R,143,France,Alejandro G. Iñárritu,Drama,English,Paramount Classics,69.0,7.4
The Departed,2006,10,R,151,USA,Martin Scorsese,Crime,English,Warner Bros. Pictures,85.0,8.5
Letters from Iwo Jima,2006,2,R,141,USA,Clint Eastwood,Action,Japanese,Warner Bros. Pictures,89.0,7.9
Little Miss Sunshine,2006,8,R,101,USA,"Jonathan Dayton, Valerie Faris",Comedy,English,Fox Searchlight,80.0,7.8
The Queen,2006,11,PG-13,103,UK,Stephen Frears,Biography,English,Miramax Films,91.0,7.3
Atonement,2007,1,R,123,UK,Joe Wright,Drama,English,Focus Features,85.0,7.8
Juno,2007,12,PG-13,96,USA,Jason Reitman,Comedy,English,Fox Searchlight,81.0,7.4
Michael Clayton,2007,10,R,119,USA,Tony Gilroy,Crime,English,Warner Bros. Pictures,82.0,7.2
No Country for Old Men,2007,11,R,122,USA,"Ethan Coen, Joel Coen",Crime,English,Miramax Films,91.0,8.1
There Will Be Blood,2007,1,R,158,USA,Paul Thomas Anderson,Drama,English,Paramount Vantage,93.0,8.1
The Curious Case of Benjamin Button,2008,12,PG-13,166,USA,David Fincher,Drama,English,Paramount,70.0,7.8
Frost/Nixon,2008,1,R,122,UK,Ron Howard,Biography,English,Universal Pictures,80.0,7.7
Milk,2008,1,R,128,USA,Gus Van Sant,Biography,English,Focus Features,84.0,7.5
The Reader,2008,1,R,124,Germany,Stephen Daldry,Drama,English,The Weinstein Co./MGM,58.0,7.6
Slumdog Millionaire,2008,12,R,120,UK,"Danny Boyle, Loveleen Tandan(co-director)",Drama,English,Fox Searchlight Pictures,86.0,8.0
Avatar,2009,12,PG-13,162,USA,James Cameron,Action,English,20th Century Fox,83.0,7.8
The Blind Side,2009,11,PG-13,129,USA,John Lee Hancock,Biography,English,Warner Bros. Pictures,53.0,7.6
District 9,2009,8,R,112,South Africa,Neill Blomkamp,Action,English,Sony Pictures/Screen Gems,81.0,7.9
An Education,2009,2,PG-13,100,UK,Lone Scherfig,Drama,English,Sony Classics,85.0,7.3
Inglourious Basterds,2009,8,R,153,USA,Quentin Tarantino,Adventure,English,The Weinstein Company,69.0,8.3
A Serious Man,2009,11,R,106,USA,"Ethan Coen, Joel Coen",Comedy,English,Focus Features,79.0,7.0
Up,2009,5,PG,96,USA,"Pete Docter, Bob Peterson(co-director)",Animation,English,Walt Disney Pictures,88.0,8.2
Up in the Air,2009,12,R,109,USA,Jason Reitman,Comedy,English,Paramount Pictures,83.0,7.4
Black Swan,2010,12,R,108,USA,Darren Aronofsky,Drama,English,Fox Searchlight,79.0,8.0
The Fighter,2010,12,R,116,USA,David O. Russell,Biography,English,Paramount Pictures,79.0,7.8
Inception,2010,7,PG-13,148,USA,Christopher Nolan,Action,English,Warner Bros. Pictures,74.0,8.8
The Kids Are All Right,2010,7,R,106,USA,Lisa Cholodenko,Comedy,English,Focus Features,86.0,7.0
The King's Speech,2010,12,R,118,UK,Tom Hooper,Biography,English,The Weinstein Company,88.0,8.0
127 Hours,2010,1,R,94,USA,Danny Boyle,Biography,English,Fox Searchlight,82.0,7.6
The Social Network,2010,10,PG-13,120,USA,David Fincher,Biography,English,Columbia Pictures,95.0,7.7
Toy Story 3,2010,6,G,103,USA,Lee Unkrich,Animation,English,Walt Disney Pictures,92.0,8.3
True Grit,2010,12,PG-13,110,USA,"Ethan Coen, Joel Coen",Drama,English,Paramount Pictures,80.0,7.6
Winter's Bone,2010,7,R,100,USA,Debra Granik,Drama,English,Roadside Attractions,90.0,7.2
The Artist,2011,1,PG-13,100,France,Michel Hazanavicius,Comedy,English,The Weinstein Company,89.0,7.9
The Descendants,2011,12,R,115,USA,Alexander Payne,Comedy,English,Fox Searchlight Pictures,84.0,7.3
Extremely Loud & Incredibly Close,2011,1,PG-13,129,USA,Stephen Daldry,Adventure,English,Warner Bros. Pictures,46.0,6.9
The Help,2011,8,PG-13,146,USA,Tate Taylor,Drama,English,DreamWorks Studios,62.0,8.1
Hugo,2011,11,PG,126,UK,Martin Scorsese,Drama,English,Paramount Studios,83.0,7.5
Midnight in Paris,2011,6,PG-13,94,Spain,Woody Allen,Comedy,English,Sony Pictures Classics,81.0,7.7
Moneyball,2011,9,PG-13,133,USA,Bennett Miller,Biography,English,Sony Pictures,87.0,7.6
The Tree of Life,2011,5,PG-13,139,USA,Terrence Malick,Drama,English,Fox Searchlight,85.0,6.8
War Horse,2011,12,PG-13,146,USA,Steven Spielberg,Action,English,Walt Disney Pictures,72.0,7.2
Amour,2012,9,PG-13,127,Austria,Michael Haneke,Drama,French,Sony Pictures Classics,94.0,7.9
Argo,2012,10,R,120,USA,Ben Affleck,Biography,English,Warner Bros. Pictures,86.0,7.7
Beasts of the Southern Wild,2012,7,PG-13,93,USA,Benh Zeitlin,Adventure,English,Fox Searchlight,86.0,7.3
Django Unchained,2012,12,R,165,USA,Quentin Tarantino,Drama,English,The Weinstein Co.,81.0,8.4
Les Misérables,2012,12,PG-13,158,UK,Tom Hooper,Drama,English,Universal Pictures,63.0,7.6
Life of Pi,2012,11,PG,127,USA,Ang Lee,Adventure,English,20th Century Fox,79.0,7.9
Lincoln,2012,11,PG-13,150,USA,Steven Spielberg,Biography,English,Dreamworks Pictures,86.0,7.3
Silver Linings Playbook,2012,12,R,122,USA,David O. Russell,Comedy,English,The Weinstein Company,81.0,7.7
Zero Dark Thirty,2012,1,R,157,USA,Kathryn Bigelow,Drama,English,Columbia Pictures,95.0,7.4
American Hustle,2013,12,R,138,USA,David O. Russell,Crime,English,Sony Pictures,90.0,7.2
Captain Phillips,2013,10,PG-13,134,USA,Paul Greengrass,Biography,English,Sony Pictures,83.0,7.8
Dallas Buyers Club,2013,11,R,117,USA,Jean-Marc Vallée,Biography,English,Focus Features,84.0,8.0
Gravity,2013,10,PG-13,91,UK,Alfonso Cuarón,Drama,English,Warner Bros. Pictures,96.0,7.7
Her,2013,1,R,126,USA,Spike Jonze,Drama,English,Warner Bros. Pictures,90.0,8.0
Nebraska,2013,1,R,115,USA,Alexander Payne,Adventure,English,Paramount Pictures,86.0,7.7
Philomena,2013,11,PG-13,98,UK,Stephen Frears,Biography,English,The Weinstein Company,77.0,7.6
12 Years a Slave,2013,11,R,134,USA,Steve McQueen,Biography,English,Fox Searchlight,96.0,8.1
The Wolf of Wall Street,2013,12,R,180,USA,Martin Scorsese,Biography,English,Paramount Studios,75.0,8.2
American Sniper,2014,1,R,133,USA,Clint Eastwood,Action,English,Warner Bros.,72.0,7.3
Birdman or (The Unexpected Virtue of Ignorance),2014,11,R,119,USA,Alejandro G. Iñárritu,Comedy,English,Fox Searchlight,87.0,7.7
Boyhood,2014,8,R,165,USA,Richard Linklater,Drama,English,IFC Films,100.0,7.9
The Grand Budapest Hotel,2014,3,R,99,Germany,Wes Anderson,Adventure,English,Fox Searchlight,88.0,8.1
The Imitation Game,2014,12,PG-13,114,UK,Morten Tyldum,Biography,English,The Weinstein Company,73.0,8.0
Selma,2014,1,PG-13,128,UK,Ava DuVernay,Biography,English,Paramount Pictures,88.0,7.5
The Theory of Everything,2014,11,PG-13,123,UK,James Marsh,Biography,English,Focus Features,72.0,7.7
Whiplash,2014,10,R,106,USA,Damien Chazelle,Drama,English,Sony Pictures Classics,88.0,8.5
The Big Short,2015,12,R,130,USA,Adam McKay,Biography,English,Paramount Pictures,81.0,7.8
Bridge of Spies,2015,10,PG-13,142,Germany,Steven Spielberg,Drama,English,Dreamworks Pictures,81.0,7.6
Brooklyn,2015,11,PG-13,117,UK,John Crowley,Drama,English,Fox Searchlight Pictures,88.0,7.5
Mad Max: Fury Road,2015,5,R,120,Australia,George Miller,Action,English,Warner Bros.,90.0,8.1
The Martian,2015,10,PG-13,144,UK,Ridley Scott,Adventure,English,20th Century Fox,80.0,8.0
The Revenant,2015,1,R,156,USA,Alejandro G. Iñárritu,Action,English,20th Century Fox,76.0,8.0
Room,2015,1,R,118,Ireland,Lenny Abrahamson,Drama,English,Element Pictures,86.0,8.1
Spotlight,2015,11,R,129,USA,Tom McCarthy,Biography,English,Open Road Films,93.0,8.1
Arrival,2016,11,PG-13,116,USA,Denis Villeneuve,Drama,English,21 Laps Entertainment,81.0,7.9
Fences,2016,12,PG-13,139,USA,Denzel Washington,Drama,English,Paramount Pictures,79.0,7.2
Hacksaw Ridge,2016,11,R,139,Australia,Mel Gibson,Biography,English,Summit Entertainment,71.0,8.1
Hell or High Water,2016,8,R,102,USA,David Mackenzie,Action,English,Film 44,88.0,7.6
Hidden Figures,2016,1,PG,127,USA,Theodore Melfi,Biography,English,20th Century Fox,74.0,7.8
La La Land,2016,12,PG-13,128,USA,Damien Chazelle,Comedy,English,Liongate Films,93.0,8.0
Lion,2016,1,PG-13,118,UK,Garth Davis,Biography,English,See-Saw Films,69.0,8.0
Manchester by the Sea,2016,12,R,137,USA,Kenneth Lonergan,Drama,English,Roadside Attractions ,96.0,7.8
Moonlight,2016,11,R,111,USA,Barry Jenkins,Drama,English,A24 Films,99.0,7.4
Call Me by Your Name,2017,1,R,132,Italy,Luca Guadagnino,Drama,English,Sony Pictures Classics,93.0,7.9
Darkest Hour,2017,12,PG-13,125,UK,Joe Wright,Biography,English,Focus Features,75.0,7.4
Dunkirk,2017,7,PG-13,106,UK,Christopher Nolan,Action,English,Warner Bros. Pictures,94.0,7.9
Get Out,2017,2,R,104,USA,Jordan Peele,Horror,English,Universal Pictures,84.0,7.7
Lady Bird,2017,12,R,94,USA,Greta Gerwig,Comedy,English,A24,94.0,7.4
Phantom Thread,2017,1,R,130,USA,Paul Thomas Anderson,Drama,English,Focus Features,90.0,7.5
The Post,2017,1,PG-13,116,USA,Steven Spielberg,Biography,English,20th Century Fox,83.0,7.2
The Shape of Water,2017,12,R,123,USA,Guillermo del Toro,Adventure,English,Fox Searchlight Pictures,87.0,7.3
"Three Billboards Outside Ebbing, Missouri",2017,12,R,115,UK,Martin McDonagh,Comedy,English,Fox Searchlight Pictures,88.0,8.2
