Country,Director,Genre,Language,Metascore,Production,Rated,Released,Runtime,Title,Year,imdbID,imdbRating
USA,Frank Borzage,"Drama, Romance",English,N/A,Fox,Not Rated,30-Oct-27,110 min,7th Heaven,1927,tt0018379,7.8
USA,"William A. Wellman, Harry d'Abbadie d'Arrast","Drama, Romance, War, Action",English,N/A,Unknown,PG-13,5-Jan-29,144 min,Wings,1927,tt0018578,7.5
USA,Irving Cummings,"Romance, Western",English,N/A,20th Century Fox Film Corporation,PASSED,20-Jan-29,95 min,In Old Arizona,1928,tt0020018,5.7
USA,Alfred E. Green,"Biography, Drama, History",English,N/A,A & E,PASSED,1-Nov-29,90 min,Disraeli,1929,tt0019823,6.4
USA,Ernst Lubitsch,"Comedy, Musical, Romance",English,N/A,Paramount Pictures,APPROVED,18-Jan-30,107 min,The Love Parade,1929,tt0020112,7.2
USA,John Ford,Drama,English,N/A,United Artists,PASSED,26-Dec-31,108 min,Arrowsmith,1931,tt0021622,6.2
USA,Frank Borzage,"Drama, Romance",English,N/A,N/A,Passed,13-Sep-31,90 min,Bad Girl,1931,tt0021635,6.6
USA,King Vidor,"Drama, Sport",English,N/A,MGM,Passed,21-Nov-31,86 min,The Champ,1931,tt0021730,7.3
USA,Mervyn LeRoy,"Crime, Drama",English,N/A,Vitaphone Corporation,NOT RATED,26-Sep-31,89 min,Five Star Final,1931,tt0021873,7.3
USA,Ernst Lubitsch,"Comedy, Romance, Musical",English,N/A,Paramount Pictures,Passed,1-Aug-31,93 min,The Smiling Lieutenant,1931,tt0022074,7.7
USA,Frank Borzage,"Drama, Romance, War",English,N/A,Gravitas,Unrated,8-Dec-32,80 min,A Farewell to Arms,1932,tt0022879,6.5
USA,Mervyn LeRoy,"Crime, Drama, Film-Noir",English,N/A,Vitaphone Corporation,Passed,19-Nov-32,92 min,I Am a Fugitive from a Chain Gang,1932,tt0023042,8.2
USA,Sidney Franklin,"Drama, Romance",English,N/A,MGM,Approved,24-Sep-32,98 min,Smilin' Through,1932,tt0023488,6.9
USA,Sidney Franklin,"Biography, Drama, Romance",English,N/A,MGM,PASSED,21-Sep-34,109 min,The Barretts of Wimpole Street,1934,tt0024865,7
USA,Cecil B. DeMille,"Biography, Drama, History",English,N/A,Paramount Pictures,Passed,5-Oct-34,100 min,Cleopatra,1934,tt0024991,6.8
USA,Frank Borzage,"Musical, Romance",English,N/A,Warner Brothers,NOT RATED,1-Dec-34,97 min,Flirtation Walk,1934,tt0025124,5.8
USA,Mark Sandrich,"Comedy, Musical, Romance",English,N/A,RKO Radio Pictures,Approved,12-Oct-34,107 min,The Gay Divorcee,1934,tt0025164,7.5
USA,Lloyd Bacon,"Comedy, Drama, Romance",English,N/A,Warner Bros.,APPROVED,21-Jul-34,87 min,Here Comes the Navy,1934,tt0025238,6.4
USA,"Alfred L. Werker, Sidney Lanfield","Biography, Drama, History",English,N/A,20th Century Fox Film Corporation,PASSED,7-Apr-34,88 min,The House of Rothschild,1934,tt0025272,6.8
USA,John M. Stahl,"Drama, Romance",English,N/A,Universal Studios,Approved,26-Nov-34,111 min,Imitation of Life,1934,tt0025301,7.5
USA,Frank Capra,"Comedy, Romance",English,87,Sony Pictures Home Entertainment,Not Rated,22-Feb-34,105 min,It Happened One Night,1934,tt0025316,8.1
USA,Victor Schertzinger,"Music, Romance",English,N/A,Sony Pictures Home Entertainment,PASSED,15-Sep-34,84 min,One Night of Love,1934,tt0025601,5.9
USA,W.S. Van Dyke,"Comedy, Crime, Mystery",English,N/A,MGM,Not Rated,25-May-34,91 min,The Thin Man,1934,tt0025878,8
USA,"Jack Conway, Howard Hawks, William A. Wellman","Biography, Western",English,N/A,MGM,N/A,27-Apr-34,115 min,Viva Villa!,1934,tt0025948,6.5
USA,Irving Cummings,Drama,English,N/A,N/A,APPROVED,16-Nov-34,80 min,The White Parade,1934,tt0025986,7
USA,George Stevens,"Comedy, Drama, Romance",English,N/A,Turner Home Entertainment,Passed,13-Nov-35,99 min,Alice Adams,1935,tt0026056,7
USA,"Roy Del Ruth, W.S. Van Dyke","Musical, Romance",English,N/A,MGM,Passed,20-Sep-35,101 min,Broadway Melody of 1936,1935,tt0026144,6.8
USA,Michael Curtiz,"Action, Adventure",English,N/A,Twentieth Century Fox Home Entertainment,Passed,28-Dec-35,119 min,Captain Blood,1935,tt0026174,7.7
USA,George Cukor,"Adventure, Drama, Romance",English,N/A,WARNER BROTHERS PICTURES,Passed,20-Jun-35,130 min,David Copperfield,1935,tt0026266,7.5
USA,John Ford,"Crime, Drama",English,N/A,Media Home Entertainment,Approved,24-May-35,91 min,The Informer,1935,tt0026529,7.5
USA,Richard Boleslawski,"Drama, History, Romance",English,N/A,20th Century Fox Film Corporation,Approved,20-Apr-35,108 min,Les Misérables,1935,tt0026725,7.6
USA,Henry Hathaway,"Adventure, Drama",English,N/A,Paramount Pictures,Passed,1-Feb-35,109 min,The Lives of a Bengal Lancer,1935,tt0026643,7.2
USA,"William Dieterle, Max Reinhardt","Comedy, Fantasy, Romance",English,N/A,Warner Bros.,Approved,30-Oct-35,133 min,A Midsummer Night's Dream,1935,tt0026714,6.9
USA,Frank Lloyd,"Adventure, Biography, Drama, History, Romance",English,87,MGM,Not Rated,8-Nov-35,132 min,Mutiny on the Bounty,1935,tt0026752,7.7
USA,"Robert Z. Leonard, W.S. Van Dyke","Drama, Musical, Romance",English,N/A,MGM Home Entertainment,G,29-Mar-35,105 min,Naughty Marietta,1935,tt0026768,6.7
USA,Leo McCarey,"Comedy, Romance",English,N/A,MCA Universal Home Video,NOT RATED,8-Mar-35,90 min,Ruggles of Red Gap,1935,tt0026955,7.7
USA,Mark Sandrich,"Comedy, Musical, Romance",English,N/A,Turner Home Entertainment,Not Rated,6-Sep-35,101 min,Top Hat,1935,tt0027125,7.8
USA,"Mervyn LeRoy, Michael Curtiz","Adventure, Drama, Romance",English,N/A,Warner Bros.,NOT RATED,29-Aug-36,141 min,Anthony Adverse,1936,tt0027300,6.5
USA,William Wyler,"Drama, Romance",English,N/A,Samuel Goldwyn Films,Passed,23-Sep-36,101 min,Dodsworth,1936,tt0027532,7.8
USA,Robert Z. Leonard,"Biography, Drama, Musical, Romance",English,N/A,MGM Home Entertainment,Not Rated,8-Apr-36,176 min,The Great Ziegfeld,1936,tt0027698,6.8
USA,Jack Conway,"Comedy, Romance",English,N/A,Warner Home Video,Not Rated,9-Oct-36,98 min,Libeled Lady,1936,tt0027884,7.8
USA,Frank Capra,"Comedy, Drama, Romance",English,N/A,Columbia Pictures,Not Rated,12-Apr-36,115 min,Mr. Deeds Goes to Town,1936,tt0027996,8
USA,George Cukor,"Drama, Romance",English,N/A,MGM,Passed,3-Sep-36,125 min,Romeo and Juliet,1936,tt0028203,6.7
USA,W.S. Van Dyke,"Drama, Musical, Romance",English,N/A,MGM,Unrated,26-Jun-36,115 min,San Francisco,1936,tt0028216,7.2
USA,William Dieterle,"Biography, Drama, History",English,N/A,MGM Home Entertainment,UNRATED,1-Feb-36,86 min,The Story of Louis Pasteur,1936,tt0028313,7.4
USA,Henry Koster,"Comedy, Musical, Romance",English,N/A,Universal Pictures,APPROVED,20-Dec-36,84 min,Three Smart Girls,1936,tt0028373,6.8
USA,Leo McCarey,"Comedy, Romance",English,N/A,Columbia,Not Rated,21-Oct-37,90 min,The Awful Truth,1937,tt0028597,7.7
USA,Victor Fleming,"Adventure, Drama, Family",English,N/A,MGM Home Entertainment,Passed,25-Jun-37,117 min,Captains Courageous,1937,tt0028691,8
USA,William Wyler,"Crime, Drama, Film-Noir",English,N/A,MGM,Approved,27-Aug-37,93 min,Dead End,1937,tt0028773,7.4
USA,"Sidney Franklin, Victor Fleming, Gustav Machatý, Sam Wood","Drama, Romance",English,N/A,WARNER BROTHERS PICTURES,PASSED,6-Aug-37,138 min,The Good Earth,1937,tt0028944,7.7
USA,William Dieterle,"Biography, Drama",English,N/A,MGM Home Entertainment,Not Rated,2-Oct-37,116 min,The Life of Emile Zola,1937,tt0029146,7.2
USA,Frank Capra,"Adventure, Drama, Fantasy, Mystery",English,N/A,Sony Pictures Home Entertainment,Approved,1-Sep-37,132 min,Lost Horizon,1937,tt0029162,7.7
USA,Henry Koster,"Comedy, Music",English,N/A,Universal,APPROVED,5-Sep-37,84 min,One Hundred Men and a Girl,1937,tt0029347,6.9
USA,Gregory La Cava,"Comedy, Drama",English,N/A,Warner Home Video,Approved,8-Oct-37,92 min,Stage Door,1937,tt0029604,7.7
USA,"William A. Wellman, Jack Conway","Drama, Romance",English,77,Image Entertainment Inc.,Passed,27-Apr-37,111 min,A Star Is Born,1937,tt0029606,7.6
USA,"Michael Curtiz, William Keighley","Action, Adventure, Romance",English,97,Warner Bros.,PG,14-May-38,102 min,The Adventures of Robin Hood,1938,tt0029843,7.9
USA,Henry King,"Drama, Musical, Romance",English,N/A,20th Century Fox Film Corporation,APPROVED,16-Aug-38,106 min,Alexander's Ragtime Band,1938,tt0029852,7
USA,Norman Taurog,"Biography, Drama",English,N/A,MGM Home Entertainment,Passed,9-Sep-38,96 min,Boys Town,1938,tt0029942,7.3
UK,King Vidor,Drama,English,N/A,MGM Home Entertainment,PASSED,29-Oct-38,110 min,The Citadel,1938,tt0029995,7.2
USA,Michael Curtiz,"Drama, Music, Romance",English,N/A,Warner Brothers,Approved,9-Aug-38,90 min,Four Daughters,1938,tt0030149,7
USA,William Wyler,"Drama, Romance",English,N/A,MGM Home Entertainment,Approved,26-Mar-38,104 min,Jezebel,1938,tt0030287,7.5
UK,"Anthony Asquith, Leslie Howard","Comedy, Drama, Romance",English,N/A,Criterion Collection,Not Rated,3-Mar-39,89 min,Pygmalion,1938,tt0030637,7.8
USA,Victor Fleming,"Drama, Romance",English,N/A,MGM,Passed,22-Apr-38,119 min,Test Pilot,1938,tt0030848,6.9
USA,Frank Capra,"Comedy, Drama, Romance",English,N/A,Columbia Pictures,Passed,29-Sep-38,126 min,You Can't Take It with You,1938,tt0030993,7.9
USA,Edmund Goulding,"Drama, Romance",English,N/A,Twentieth Century Fox Home Entertainment,Approved,22-Apr-39,104 min,Dark Victory,1939,tt0031210,7.6
USA,"Victor Fleming, George Cukor, Sam Wood","Drama, History, Romance, War",English,97,Loew&#39;s Inc.,Passed,17-Jan-40,238 min,Gone with the Wind,1939,tt0031381,8.1
UK,"Sam Wood, Sidney Franklin","Drama, Romance",English,N/A,MGM Home Entertainment,Unrated,28-Jul-39,114 min,"Goodbye, Mr. Chips",1939,tt0031385,7.9
USA,Leo McCarey,"Comedy, Drama, Romance",English,N/A,Madacy Entertainment,Approved,7-Apr-39,88 min,Love Affair,1939,tt0031593,7.3
USA,Frank Capra,"Comedy, Drama",English,73,ITVS,Not Rated,19-Oct-39,129 min,Mr. Smith Goes to Washington,1939,tt0031679,8.1
USA,Ernst Lubitsch,"Comedy, Romance",English,N/A,Warner Bros. Pictures,Not Rated,23-Nov-39,110 min,Ninotchka,1939,tt0031725,7.9
USA,Lewis Milestone,Drama,English,N/A,United Artists,Approved,12-Jan-40,106 min,Of Mice and Men,1939,tt0031742,7.9
USA,John Ford,"Adventure, Drama, Western",English,93,Warner Home Video,Passed,3-Mar-39,96 min,Stagecoach,1939,tt0031971,7.9
USA,"Victor Fleming, George Cukor, Mervyn LeRoy, Norman Taurog, Richard Thorpe, King Vidor","Adventure, Family, Fantasy, Musical",English,100,Warner Bros. Pictures,PG,25-Aug-39,102 min,The Wizard of Oz,1939,tt0032138,8
USA,William Wyler,"Drama, Romance",English,N/A,United Artists,Not Rated,7-Apr-39,104 min,Wuthering Heights,1939,tt0032145,7.6
USA,Anatole Litvak,"Drama, Romance",English,N/A,Warner Bros. Pictures,Approved,13-Jul-40,141 min,"All This, and Heaven Too",1940,tt0032194,7.6
USA,Alfred Hitchcock,"Action, Romance, Thriller, War",English,N/A,Warner Home Video,Passed,16-Aug-40,120 min,Foreign Correspondent,1940,tt0032484,7.5
USA,John Ford,"Drama, History",English,96,20th Century Fox Film Corporation,Passed,15-Mar-40,129 min,The Grapes of Wrath,1940,tt0032551,8
USA,Charles Chaplin,"Comedy, Drama, War",English,N/A,Criterion Collection,Passed,7-Mar-41,125 min,The Great Dictator,1940,tt0032553,8.5
USA,Sam Wood,"Drama, Romance",English,N/A,Media Home Entertainment,Approved,27-Dec-40,108 min,Kitty Foyle,1940,tt0032671,7
USA,William Wyler,"Crime, Drama, Film-Noir, Mystery, Romance",English,N/A,MGM Home Entertainment,Not Rated,23-Nov-40,95 min,The Letter,1940,tt0032701,7.6
USA,John Ford,"Drama, War",English,N/A,Criterion Collection,Approved,22-Nov-40,105 min,The Long Voyage Home,1940,tt0032728,7
USA,Sam Wood,"Drama, Romance",English,N/A,United Artists,NOT RATED,24-May-40,90 min,Our Town,1940,tt0032881,6.8
USA,George Cukor,"Comedy, Romance",English,96,MGM,Not Rated,17-Jan-41,112 min,The Philadelphia Story,1940,tt0032904,7.9
USA,Alfred Hitchcock,"Drama, Mystery, Romance, Thriller",English,N/A,United Artists,Not Rated,12-Apr-40,130 min,Rebecca,1940,tt0032976,8.1
USA,Mervyn LeRoy,"Biography, Drama, Romance",English,N/A,WARNER BROTHERS PICTURES,Approved,15-Aug-41,99 min,Blossoms in the Dust,1941,tt0033407,6.9
USA,Orson Welles,"Drama, Mystery",English,100,RKO Radio Pictures,PG,5-Sep-41,119 min,Citizen Kane,1941,tt0033467,8.3
USA,Alexander Hall,"Comedy, Fantasy, Romance",English,N/A,Sony Pictures Entertainment,Not Rated,21-Aug-41,94 min,Here Comes Mr. Jordan,1941,tt0033712,7.6
USA,Mitchell Leisen,"Drama, Romance",English,N/A,Paramount Pictures,Not Rated,26-Sep-41,116 min,Hold Back the Dawn,1941,tt0033722,7.4
USA,John Ford,"Drama, Family",English,N/A,Twentieth Century Fox Home Entertainment,Not Rated,9-Apr-42,118 min,How Green Was My Valley,1941,tt0033729,7.7
USA,William Wyler,"Drama, Romance",English,N/A,RKO,Approved,29-Aug-41,116 min,The Little Foxes,1941,tt0033836,8.2
USA,John Huston,"Film-Noir, Mystery",English,96,Warner Bros.,Not Rated,18-Oct-41,100 min,The Maltese Falcon,1941,tt0033870,8
USA,Irving Rapper,"Biography, Drama",English,N/A,Warner Bros.,Approved,1-Nov-41,108 min,One Foot in Heaven,1941,tt0033980,7
USA,Howard Hawks,"Biography, Drama, History, Romance, War",English,N/A,Warner Bros. Pictures,Not Rated,27-Sep-41,134 min,Sergeant York,1941,tt0034167,7.7
USA,Alfred Hitchcock,"Mystery, Thriller",English,83,WARNER BROTHERS PICTURES,Not Rated,14-Nov-41,99 min,Suspicion,1941,tt0034248,7.4
USA,Sam Wood,"Drama, Mystery, Romance",English,N/A,Warner Home Video,Passed,18-Apr-42,127 min,Kings Row,1942,tt0034946,7.6
USA,"Orson Welles, Fred Fleck, Robert Wise","Drama, Romance",English,93,RKO Radio Pictures,Not Rated,10-Jul-42,88 min,The Magnificent Ambersons,1942,tt0035015,7.7
USA,William Wyler,"Drama, Romance, War",English,N/A,MGM Home Entertainment,Not Rated,1-Dec-42,134 min,Mrs. Miniver,1942,tt0035093,7.6
USA,Irving Pichel,"Drama, War",English,N/A,20th Century Fox Film Corporation,N/A,21-Aug-42,87 min,The Pied Piper,1942,tt0035189,7.1
USA,Sam Wood,"Biography, Drama, Romance, Sport",English,N/A,MGM,Approved,5-Mar-43,128 min,The Pride of the Yankees,1942,tt0035211,7.7
USA,Mervyn LeRoy,"Drama, Romance",English,N/A,MGM Home Entertainment,Passed,31-Aug-43,126 min,Random Harvest,1942,tt0035238,8
USA,George Stevens,"Comedy, Drama, Romance, Thriller",English,N/A,Sony Pictures Entertainment,Approved,20-Aug-42,118 min,The Talk of the Town,1942,tt0035417,7.5
USA,John Farrow,"Action, Drama, War",English,N/A,MCA Universal Home Video,Approved,11-Aug-42,88 min,Wake Island,1942,tt0035530,6.8
USA,Michael Curtiz,"Biography, Drama, Musical",English,N/A,MGM Home Entertainment,Passed,6-Jun-42,126 min,Yankee Doodle Dandy,1942,tt0035575,7.7
USA,Sam Wood,"Adventure, Drama, History, Romance, War",English,N/A,MCA Universal Home Video,Passed,16-Jul-43,170 min,For Whom the Bell Tolls,1943,tt0035896,6.9
USA,Ernst Lubitsch,"Comedy, Drama, Fantasy, Romance",English,N/A,20th Century Fox Film Corporation,Not Rated,13-Aug-43,112 min,Heaven Can Wait,1943,tt0035979,7.5
USA,Clarence Brown,"Comedy, Drama, Family",English,N/A,Warner Home Video,Passed,14-Feb-44,117 min,The Human Comedy,1943,tt0036022,7.1
USA,"Mervyn LeRoy, Albert Lewin","Biography, Drama, Romance",English,N/A,Warner Bros. Pictures,Not Rated,1-Feb-44,124 min,Madame Curie,1943,tt0036126,7.2
USA,George Stevens,"Comedy, Romance, War",English,N/A,Columbia Pictures,Passed,13-May-43,104 min,The More the Merrier,1943,tt0036172,7.8
USA,Henry King,"Biography, Drama",English,N/A,Twentieth Century Fox Home Entertainment,Approved,1-Apr-45,156 min,The Song of Bernadette,1943,tt0036377,7.6
USA,"Herman Shumlin, Hal Mohr",Drama,English,N/A,Warner Home Video,Approved,27-Aug-43,114 min,Watch on the Rhine,1943,tt0036515,7.4
USA,Billy Wilder,"Crime, Drama, Film-Noir, Mystery, Thriller",English,95,Paramount Pictures,Passed,6-Jul-44,107 min,Double Indemnity,1944,tt0036775,8.3
USA,George Cukor,"Crime, Drama, Film-Noir, Mystery, Thriller",English,N/A,MGM,Not Rated,30-Oct-44,114 min,Gaslight,1944,tt0036855,7.8
USA,Leo McCarey,"Comedy, Drama, Music",English,N/A,Paramount Pictures,Passed,2-Oct-44,126 min,Going My Way,1944,tt0036872,7.1
USA,"John Cromwell, Edward F. Cline, Tay Garnett, David O. Selznick","Drama, Romance, War",English,N/A,United Artists,Approved,20-Jul-44,177 min,Since You Went Away,1944,tt0037280,7.6
USA,Henry King,"Biography, Drama, History, Music, Romance",English,N/A,Twentieth Century Fox Film Cor,Passed,1-Aug-45,154 min,Wilson,1944,tt0037465,6.8
USA,George Sidney,"Comedy, Fantasy, Music, Musical, Romance, War",English,N/A,MGM Home Entertainment,Passed,1-Aug-45,140 min,Anchors Aweigh,1945,tt0037514,7.1
USA,Leo McCarey,Drama,English,N/A,RKO Radio Pictures,Unrated,21-Feb-46,126 min,The Bells of St. Mary's,1945,tt0037536,7.3
USA,Billy Wilder,"Drama, Film-Noir",English,N/A,Paramount Pictures,Not Rated,1-Jan-46,101 min,The Lost Weekend,1945,tt0037884,7.9
USA,Michael Curtiz,"Crime, Drama, Film-Noir, Mystery, Romance",English,N/A,MGM Home Entertainment,Passed,20-Oct-45,111 min,Mildred Pierce,1945,tt0037913,8
USA,Alfred Hitchcock,"Film-Noir, Mystery, Romance, Thriller",English,N/A,Twentieth Century Fox Home Entertainment,Approved,28-Dec-45,111 min,Spellbound,1945,tt0038109,7.6
USA,William Wyler,"Drama, Romance, War",English,92,RKO Radio Pictures,Approved,29-May-47,170 min,The Best Years of Our Lives,1946,tt0036868,8
USA,Frank Capra,"Drama, Family, Fantasy",English,89,Liberty Films,Not Rated,7-Jan-47,130 min,It's a Wonderful Life,1946,tt0038650,8.6
USA,Edmund Goulding,"Drama, Romance",English,N/A,Twentieth Century Fox,Approved,25-Dec-46,145 min,The Razor's Edge,1946,tt0038873,7.4
USA,Clarence Brown,"Drama, Family, Western",English,89,MGM Home Entertainment,Approved,1-May-47,128 min,The Yearling,1946,tt0039111,7.2
USA,Henry Koster,"Comedy, Drama, Fantasy, Romance",English,N/A,RKO Radio Pictures,Not Rated,16-Feb-48,109 min,The Bishop's Wife,1947,tt0039190,7.6
USA,Edward Dmytryk,"Crime, Drama, Film-Noir, Mystery",English,N/A,WARNER BROTHERS PICTURES,Approved,15-Aug-47,86 min,Crossfire,1947,tt0039286,7.3
USA,Elia Kazan,"Drama, Romance",English,N/A,Twentieth Century Fox Home Entertainment,Not Rated,1-Mar-48,118 min,Gentleman's Agreement,1947,tt0039416,7.2
USA,George Seaton,"Comedy, Drama, Family",English,88,20th Century Fox,Not Rated,2-Oct-47,96 min,Miracle on 34th Street,1947,tt0039628,7.9
UK,Laurence Olivier,Drama,English,N/A,Universal,Not Rated,12-Aug-48,154 min,Hamlet,1948,tt0040416,7.7
USA,Jean Negulesco,Drama,English,N/A,Warner Bros. Pictures,Unrated,14-Sep-48,102 min,Johnny Belinda,1948,tt0040495,7.8
UK,"Michael Powell, Emeric Pressburger","Drama, Music, Romance",English,N/A,Eagle-Lion Films,Not Rated,6-Sep-48,135 min,The Red Shoes,1948,tt0040725,8.2
USA,Anatole Litvak,"Drama, Mystery",English,N/A,20th Century Fox Film Corporation,Not Rated,13-Nov-48,108 min,The Snake Pit,1948,tt0040806,7.6
USA,John Huston,"Adventure, Drama, Western",English,98,WARNER BROTHERS PICTURES,Passed,24-Jan-48,126 min,The Treasure of the Sierra Madre,1948,tt0040897,8.2
USA,Robert Rossen,"Drama, Film-Noir",English,N/A,Sony Pictures Home Entertainment,Approved,1-Jan-50,110 min,All the King's Men,1949,tt0041113,7.5
USA,William A. Wellman,"Action, Drama, History, War",English,N/A,MGM,Approved,20-Jan-50,118 min,Battleground,1949,tt0041163,7.4
USA,William Wyler,"Drama, Romance",English,N/A,Paramount Pictures,Not Rated,28-Dec-49,115 min,The Heiress,1949,tt0041452,8.2
USA,Joseph L. Mankiewicz,"Drama, Romance",English,N/A,Fox,Not Rated,3-Feb-49,103 min,A Letter to Three Wives,1949,tt0041587,7.8
USA,Henry King,"Drama, War",English,N/A,Twentieth Century Fox Home Entertainment,Not Rated,13-Feb-50,132 min,Twelve O'Clock High,1949,tt0041996,7.7
USA,Joseph L. Mankiewicz,Drama,English,98,20th Century Fox,Passed,27-Oct-50,138 min,All About Eve,1950,tt0042192,8.2
USA,George Cukor,"Comedy, Drama, Romance",English,N/A,Columbia Pictures,Not Rated,1-Feb-51,103 min,Born Yesterday,1950,tt0042276,7.6
USA,Vincente Minnelli,"Comedy, Romance",English,N/A,MGM,Not Rated,16-Jun-50,92 min,Father of the Bride,1950,tt0042451,7.2
USA,"Compton Bennett, Andrew Marton","Action, Adventure, Romance",English,N/A,MGM Home Entertainment,Passed,24-Nov-50,103 min,King Solomon's Mines,1950,tt0042646,6.8
USA,Billy Wilder,"Drama, Film-Noir",English,N/A,Paramount Pictures,Not Rated,29-Sep-50,110 min,Sunset Blvd.,1950,tt0043014,8.4
USA,Vincente Minnelli,"Drama, Musical, Romance",English,84,MGM,Passed,11-Nov-51,114 min,An American in Paris,1951,tt0043278,7.2
USA,Anatole Litvak,"Drama, War",English,N/A,20th Century Fox Film Corporation,Not Rated,25-Feb-52,119 min,Decision Before Dawn,1951,tt0043459,7.3
USA,George Stevens,"Drama, Romance",English,76,Paramount Pictures,Passed,11-Oct-51,122 min,A Place in the Sun,1951,tt0043924,7.8
USA,"Mervyn LeRoy, Anthony Mann","Biography, Drama, History, Romance",English,N/A,MGM Home Entertainment,Not Rated,25-Dec-51,171 min,Quo Vadis,1951,tt0043949,7.2
USA,Elia Kazan,Drama,English,96,Warner Bros. Pictures,PG,1-Dec-51,122 min,A Streetcar Named Desire,1951,tt0044081,8
USA,Cecil B. DeMille,"Drama, Family, Romance",English,N/A,Paramount Pictures,Passed,1-May-52,152 min,The Greatest Show on Earth,1952,tt0044672,6.6
USA,Fred Zinnemann,"Drama, Thriller, Western",English,89,United Artists,PG,30-Jul-52,85 min,High Noon,1952,tt0044706,7.9
UK,Richard Thorpe,"Adventure, Drama, History, Romance",English,N/A,MGM Home Entertainment,Approved,20-Feb-53,106 min,Ivanhoe,1952,tt0044760,6.8
UK,John Huston,"Biography, Drama, Music, Romance",English,N/A,United Artists,Not Rated,10-Apr-53,119 min,Moulin Rouge,1952,tt0044926,7.1
USA,John Ford,"Comedy, Drama, Romance",English,N/A,Republic Pictures,Passed,14-Sep-52,129 min,The Quiet Man,1952,tt0045061,7.8
USA,Fred Zinnemann,"Drama, Romance, War",English,85,NCM Fathom,Passed,28-Aug-53,118 min,From Here to Eternity,1953,tt0045793,7.6
USA,Joseph L. Mankiewicz,"Biography, Drama, History",English,N/A,MGM Home Entertainment,Not Rated,4-Jun-53,120 min,Julius Caesar,1953,tt0045943,7.3
USA,Henry Koster,"Drama, History",English,N/A,20th Century Fox,Unrated,4-Dec-53,135 min,The Robe,1953,tt0046247,6.7
USA,William Wyler,"Comedy, Romance",English,78,Paramount Pictures,Not Rated,2-Sep-53,118 min,Roman Holiday,1953,tt0046250,8
USA,George Stevens,"Drama, Western",English,80,Paramount Home Video,Not Rated,1-Oct-53,118 min,Shane,1953,tt0046303,7.6
USA,Edward Dmytryk,"Drama, War",English,63,Sony Pictures Home Entertainment,Not Rated,24-Jun-54,124 min,The Caine Mutiny,1954,tt0046816,7.7
USA,George Seaton,"Drama, Music",English,N/A,Paramount Pictures,Unrated,17-May-55,104 min,The Country Girl,1954,tt0046874,7.3
USA,Elia Kazan,"Crime, Drama, Thriller",English,91,Sony Pictures,Not Rated,22-Jun-54,108 min,On the Waterfront,1954,tt0047296,8.1
USA,Stanley Donen,"Comedy, Drama, Musical, Romance, Western",English,75,MGM Home Entertainment,G,6-Aug-54,102 min,Seven Brides for Seven Brothers,1954,tt0047472,7.4
USA,Jean Negulesco,"Drama, Romance",English,N/A,20th Century Fox Film Corporation,G,1-May-54,102 min,Three Coins in the Fountain,1954,tt0047580,6.3
USA,"Henry King, Otto Lang","Biography, Drama, Romance, War",English,N/A,20th Century Fox Film Corporation,Approved,26-Sep-55,102 min,Love Is a Many-Splendored Thing,1955,tt0048316,6.5
USA,Delbert Mann,"Drama, Romance",English,N/A,MGM Home Entertainment,Not Rated,10-Jun-55,90 min,Marty,1955,tt0048356,7.7
USA,"John Ford, Mervyn LeRoy, Joshua Logan","Comedy, Drama, War",English,N/A,Warner Home Video,Not Rated,30-Jul-55,123 min,Mister Roberts,1955,tt0048380,7.7
USA,"Joseph Barbera, William Hanna","Animation, Short, Comedy, Family",English,N/A,N/A,Approved,30-Apr-55,7 min,Pup on a Picnic,1955,tt0048520,7.4
USA,Daniel Mann,"Comedy, Drama, Romance",English,N/A,Paramount Pictures,Unrated,13-Dec-55,117 min,The Rose Tattoo,1955,tt0048563,7.2
USA,"Michael Anderson, John Farrow","Adventure, Comedy, Family, Romance",English,N/A,United Artists,G,17-Oct-56,175 min,Around the World in 80 Days,1956,tt0048960,6.8
USA,William Wyler,"Drama, Romance, War, Western",English,N/A,Twentieth Century Fox Home Entertainment,Passed,25-Nov-56,137 min,Friendly Persuasion,1956,tt0049233,7.4
USA,George Stevens,"Drama, Western",English,84,Warner Bros. Pictures,G,24-Nov-56,201 min,Giant,1956,tt0049261,7.6
USA,Walter Lang,"Biography, Drama, Musical, Romance",English,72,20th Century Fox,G,29-Jun-56,133 min,The King and I,1956,tt0049408,7.4
USA,Cecil B. DeMille,"Adventure, Drama",English,N/A,Paramount Pictures,G,5-Oct-56,220 min,The Ten Commandments,1956,tt0049833,7.8
UK,David Lean,"Adventure, Drama, War",English,87,Columbia Pictures,PG,14-Dec-57,161 min,The Bridge on the River Kwai,1957,tt0050212,8.1
USA,Mark Robson,"Drama, Romance",English,N/A,20th Century Fox,Approved,3-Mar-58,157 min,Peyton Place,1957,tt0050839,7.2
USA,Joshua Logan,"Drama, Romance",English,N/A,MGM Home Entertainment,Not Rated,20-Dec-57,147 min,Sayonara,1957,tt0050933,7.1
USA,Sidney Lumet,Drama,English,96,Criterion Collection,Not Rated,10-Apr-57,96 min,12 Angry Men,1957,tt0050083,8.9
USA,Billy Wilder,"Crime, Drama, Film-Noir, Mystery, Thriller",English,N/A,MGM,Not Rated,6-Feb-58,116 min,Witness for the Prosecution,1957,tt0051201,8.4
USA,Morton DaCosta,"Comedy, Drama, Romance",English,N/A,Warner Bros. Pictures,Approved,27-Dec-58,143 min,Auntie Mame,1958,tt0051383,7.9
USA,Richard Brooks,Drama,English,80,MGM Home Entertainment,Not Rated,29-Aug-58,108 min,Cat on a Hot Tin Roof,1958,tt0051459,8
USA,Stanley Kramer,"Crime, Drama",English,69,MGM Home Entertainment,Approved,27-Sep-58,96 min,The Defiant Ones,1958,tt0051525,7.6
USA,"Vincente Minnelli, Charles Walters","Comedy, Musical, Romance",English,82,MGM Home Entertainment,G,25-Jun-58,115 min,Gigi,1958,tt0051658,6.7
USA,Delbert Mann,"Drama, Romance",English,N/A,MGM Home Entertainment,Approved,11-Feb-59,100 min,Separate Tables,1958,tt0052182,7.4
USA,Otto Preminger,"Crime, Drama, Mystery, Thriller",English,95,Sony Pictures Home Entertainment,Not Rated,1-Sep-59,161 min,Anatomy of a Murder,1959,tt0052561,8
USA,William Wyler,"Adventure, Drama, History",English,90,MGM,G,29-Jan-60,212 min,Ben-Hur,1959,tt0052618,8.1
USA,George Stevens,"Biography, Drama, Family, History, War",English,59,Fox,Approved,17-Apr-59,180 min,The Diary of Anne Frank,1959,tt0052738,7.4
USA,Fred Zinnemann,Drama,English,N/A,Warner Home Video,Not Rated,18-Jul-59,149 min,The Nun's Story,1959,tt0053131,7.6
UK,Jack Clayton,"Drama, Romance",English,N/A,Lion International Films,Not Rated,22-Jan-59,115 min,Room at the Top,1959,tt0053226,7.7
USA,John Wayne,"Adventure, Drama, History, War, Western",English,N/A,Batjac Productions,Passed,27-Oct-60,162 min,The Alamo,1960,tt0053580,6.9
USA,Billy Wilder,"Comedy, Drama, Romance",English,94,United Artists,Not Rated,16-Sep-60,125 min,The Apartment,1960,tt0053604,8.3
USA,Richard Brooks,Drama,English,N/A,MGM Home Entertainment,Approved,1-Jul-60,146 min,Elmer Gantry,1960,tt0053793,7.8
UK,Jack Cardiff,Drama,English,N/A,20th Century Fox,Not Rated,22-Jul-60,103 min,Sons and Lovers,1960,tt0054326,7.1
UK,Fred Zinnemann,"Drama, Adventure",English,82,Warner Home Video,Unrated,9-Dec-60,133 min,The Sundowners,1960,tt0054353,7.1
USA,Joshua Logan,"Drama, Romance",English,N/A,Westchester Films,Not Rated,28-Jun-61,134 min,Fanny,1961,tt0054866,7
UK,J. Lee Thompson,"Action, Adventure, Drama, War",English,N/A,Columbia Pictures,TV-PG,28-Apr-61,158 min,The Guns of Navarone,1961,tt0054953,7.5
USA,Robert Rossen,"Drama, Sport",English,90,Fox,Not Rated,25-Sep-61,134 min,The Hustler,1961,tt0054997,8
USA,Stanley Kramer,"Drama, War",English,60,United Artists,Not Rated,18-Dec-61,179 min,Judgment at Nuremberg,1961,tt0055031,8.2
USA,"Jerome Robbins, Robert Wise","Crime, Drama, Musical, Romance",English,86,United Artists Films,Not Rated,23-Dec-61,153 min,West Side Story,1961,tt0055614,7.5
UK,David Lean,"Adventure, Biography, Drama, History, War",English,100,Columbia Pictures,Approved,11-Dec-62,228 min,Lawrence of Arabia,1962,tt0056172,8.3
USA,"Ken Annakin, Andrew Marton, Bernhard Wicki, Gerd Oswald, Darryl F. Zanuck","Action, Drama, History, War",English,75,Twentieth Century Fox Home Entertainment,G,4-Oct-62,178 min,The Longest Day,1962,tt0056197,7.8
USA,"Lewis Milestone, Carol Reed","Adventure, Drama, History, Romance",English,N/A,WARNER BROTHERS PICTURES,Not Rated,8-Nov-62,178 min,Mutiny on the Bounty,1962,tt0056264,7.3
USA,Robert Mulligan,"Crime, Drama",English,88,Universal International Pictur,Not Rated,16-Mar-63,129 min,To Kill a Mockingbird,1962,tt0056592,8.3
USA,Elia Kazan,Drama,English,N/A,Warner Home Video,Not Rated,17-Jun-64,174 min,America America,1963,tt0056825,7.8
Switzerland,Joseph L. Mankiewicz,"Biography, Drama, History, Romance",English,60,20th Century Fox,G,31-Jul-63,192 min,Cleopatra,1963,tt0056937,7
USA,Ralph Nelson,Drama,English,N/A,Twentieth Century Fox Home Entertainment,Unrated,5-Jul-63,94 min,Lilies of the Field,1963,tt0057251,7.6
UK,Tony Richardson,"Adventure, Comedy, History",English,77,Woodfall Film Productions,Not Rated,27-Jun-63,129 min,Tom Jones,1963,tt0057590,6.5
UK,Peter Glenville,"Biography, Drama, History",English,68,Slowhand Releasing,PG-13,11-Mar-64,148 min,Becket,1964,tt0057877,7.8
UK,Stanley Kubrick,Comedy,English,97,Sony Pictures,PG,29-Jan-64,95 min,Dr. Strangelove or: How I Learned to Stop Worrying and Love the Bomb,1964,tt0057012,8.4
USA,Robert Stevenson,"Comedy, Family, Fantasy, Musical",English,88,Walt Disney Productions,G,18-Jun-65,139 min,Mary Poppins,1964,tt0058331,7.8
USA,George Cukor,"Drama, Family, Musical, Romance",English,95,Warner Bros. Pictures,G,25-Dec-64,170 min,My Fair Lady,1964,tt0058385,7.8
Greece,Michael Cacoyannis,"Comedy, Drama",English,N/A,Fox,Not Rated,14-Dec-64,142 min,Zorba the Greek,1964,tt0057831,7.7
UK,John Schlesinger,"Drama, Romance",English,N/A,Lionsgate,TV-MA,3-Aug-65,128 min,Darling,1965,tt0059084,7.2
USA,David Lean,"Drama, Romance, War",English,69,MGM,PG-13,31-Dec-65,197 min,Doctor Zhivago,1965,tt0059113,8
USA,Stanley Kramer,"Drama, Romance, War",English,N/A,Columbia Pictures,Not Rated,1-Oct-65,149 min,Ship of Fools,1965,tt0059712,7.2
USA,Robert Wise,"Biography, Drama, Family, Musical, Romance",English,63,20th Century-Fox,G,1-Apr-65,172 min,The Sound of Music,1965,tt0059742,8
USA,Fred Coe,"Comedy, Drama, Romance",English,N/A,Harrell Incoporated,Unrated,9-Sep-66,118 min,A Thousand Clowns,1965,tt0059798,7.5
UK,Lewis Gilbert,"Comedy, Drama",English,N/A,Paramount Pictures,PG,24-Aug-66,114 min,Alfie,1966,tt0060086,7.1
UK,Fred Zinnemann,"Biography, Drama, History",English,72,Sony Pictures Home Entertainment,G,3-May-67,120 min,A Man for All Seasons,1966,tt0060665,7.7
USA,Robert Wise,"Adventure, Drama, Romance, War",English,N/A,Twentieth Century Fox Home Entertainment,PG-13,20-Dec-66,182 min,The Sand Pebbles,1966,tt0060934,7.6
USA,Mike Nichols,Drama,English,75,Warner Home Video,Not Rated,22-Jun-66,131 min,Who's Afraid of Virginia Woolf?,1966,tt0061184,8
USA,Arthur Penn,"Action, Biography, Crime, Drama",English,86,Warner Brothers/Seven Arts,R,14-Aug-67,111 min,Bonnie and Clyde,1967,tt0061418,7.8
USA,Richard Fleischer,"Adventure, Comedy, Family, Fantasy, Musical, Romance",English,34,20th Century Fox,Approved,19-Dec-67,152 min,Doctor Dolittle,1967,tt0061584,6.2
USA,Mike Nichols,"Comedy, Drama, Romance",English,83,Embassy Pictures/Rialto Pictures,PG,21-Dec-67,106 min,The Graduate,1967,tt0061722,8
USA,Stanley Kramer,"Comedy, Drama",English,63,Columbia Pictures Corporation,Not Rated,12-Dec-67,108 min,Guess Who's Coming to Dinner,1967,tt0061735,7.8
USA,Norman Jewison,"Crime, Drama, Mystery, Thriller",English,75,MGM,Not Rated,2-Aug-67,110 min,In the Heat of the Night,1967,tt0061811,8
USA,William Wyler,"Biography, Comedy, Drama, Musical, Romance",English,89,Columbia Pictures,G,19-Sep-68,151 min,Funny Girl,1968,tt0062994,7.4
UK,Anthony Harvey,"Biography, Drama, History",English,N/A,Nelson Entertainment,PG,30-Oct-68,134 min,The Lion in Winter,1968,tt0063227,7.9
UK,Carol Reed,"Drama, Family, Musical",English,74,Sony Pictures Home Entertainment,G,27-Sep-68,153 min,Oliver!,1968,tt0063385,7.4
USA,Paul Newman,"Drama, Romance",English,N/A,Warner Bros.,APPROVED,26-Aug-68,101 min,"Rachel, Rachel",1968,tt0063483,7.5
UK,Franco Zeffirelli,"Drama, Romance",English,N/A,Paramount Home Video,PG,8-Oct-68,138 min,Romeo and Juliet,1968,tt0063518,7.6
UK,Charles Jarrott,"Biography, Drama, History",English,N/A,Universal Pictures,PG,18-Dec-69,145 min,Anne of the Thousand Days,1969,tt0064030,7.5
USA,George Roy Hill,"Biography, Crime, Drama, Western",English,66,20th Century Fox,PG,24-Sep-69,110 min,Butch Cassidy and the Sundance Kid,1969,tt0064115,8
USA,Gene Kelly,"Adventure, Comedy, Musical, Romance",English,51,20th Century Fox,G,16-Dec-69,146 min,"Hello, Dolly!",1969,tt0064418,7.1
USA,John Schlesinger,"Drama, Western",English,79,United Artists,R,16-Jun-69,113 min,Midnight Cowboy,1969,tt0064665,7.8
France,Costa-Gavras,"Crime, Drama, History, Thriller",French,N/A,Rialto Pictures,M/PG,8-Dec-69,127 min,Z,1969,tt0065234,8.3
USA,"George Seaton, Henry Hathaway","Action, Drama, Thriller",English,42,Universal Pictures,G,25-Mar-70,137 min,Airport,1970,tt0065377,6.6
USA,Bob Rafelson,Drama,English,85,Columbia Pictures,R,12-Sep-70,98 min,Five Easy Pieces,1970,tt0065724,7.5
USA,Arthur Hiller,"Drama, Romance",English,84,Paramount Pictures,PG,16-Dec-70,100 min,Love Story,1970,tt0066011,6.9
USA,Franklin J. Schaffner,"Biography, Drama, War",English,91,Twentieth Century Fox Home Entertainment,GP,2-Apr-70,172 min,Patton,1970,tt0066206,7.9
UK,Stanley Kubrick,"Crime, Drama, Sci-Fi",English,80,Warner Bros.,R,2-Feb-72,136 min,A Clockwork Orange,1971,tt0066921,8.3
USA,Norman Jewison,"Drama, Family, Musical, Romance",English,67,United Artists,G,3-Nov-71,181 min,Fiddler on the Roof,1971,tt0067093,8
USA,William Friedkin,"Action, Crime, Drama, Thriller",English,94,20th Century Fox,R,9-Oct-71,104 min,The French Connection,1971,tt0067116,7.7
USA,Peter Bogdanovich,"Drama, Romance",English,93,Columbia Pictures,R,22-Oct-71,118 min,The Last Picture Show,1971,tt0067328,8
UK,Franklin J. Schaffner,"Biography, Drama, History, War",English,N/A,Sony Pictures Home Entertainment,GP,13-Dec-71,183 min,Nicholas and Alexandra,1971,tt0067483,7.2
USA,Bob Fosse,"Drama, Musical",English,80,Twentieth Century Fox Home Entertainment,PG,13-Feb-72,124 min,Cabaret,1972,tt0068327,7.8
USA,John Boorman,"Adventure, Drama, Thriller",English,82,Warner Bros.,R,18-Aug-72,109 min,Deliverance,1972,tt0068473,7.7
USA,Francis Ford Coppola,"Crime, Drama",English,100,Paramount Pictures,R,24-Mar-72,175 min,The Godfather,1972,tt0068646,9.2
USA,Martin Ritt,"Drama, Family",English,80,Rainbow Group / KOCH Entertainment,G,26-Apr-73,105 min,Sounder,1972,tt0069303,7.6
USA,George Lucas,"Comedy, Drama",English,97,Universal Pictures,PG,11-Aug-73,110 min,American Graffiti,1973,tt0069704,7.4
USA,William Friedkin,Horror,English,81,Warner Bros. Pictures,R,26-Dec-73,122 min,The Exorcist,1973,tt0070047,8
USA,George Roy Hill,"Comedy, Crime, Drama",English,83,Universal Pictures,PG,25-Dec-73,129 min,The Sting,1973,tt0070735,8.3
UK,Melvin Frank,"Comedy, Romance",English,N/A,Media Home Entertainment,PG,9-Aug-73,106 min,A Touch of Class,1973,tt0070819,6.5
USA,Roman Polanski,"Drama, Mystery, Thriller",English,92,Paramount Pictures,R,20-Jun-74,130 min,Chinatown,1974,tt0071315,8.2
USA,Francis Ford Coppola,"Drama, Mystery, Thriller",English,85,Paramount Pictures,PG,1-Jun-74,113 min,The Conversation,1974,tt0071360,7.8
USA,Francis Ford Coppola,"Crime, Drama",English,90,Paramount Pictures,R,20-Dec-74,202 min,The Godfather: Part II,1974,tt0071562,9
USA,Bob Fosse,"Biography, Drama",English,61,Twentieth Century Fox Home Entertainment,R,1-Dec-74,111 min,Lenny,1974,tt0071746,7.6
USA,John Guillermin,"Action, Drama, Thriller",English,69,20th Century Fox,PG,1-Jan-75,165 min,The Towering Inferno,1974,tt0072308,6.9
UK,Stanley Kubrick,"Adventure, Drama, History, War",English,89,Warner Bros.,PG,18-Dec-75,185 min,Barry Lyndon,1975,tt0072684,8.1
USA,Sidney Lumet,"Biography, Crime, Drama, Thriller",English,86,WARNER BROTHERS PICTURES,R,25-Dec-75,125 min,Dog Day Afternoon,1975,tt0072890,8
USA,Steven Spielberg,"Adventure, Drama, Thriller",English,87,Universal Pictures,PG,20-Jun-75,124 min,Jaws,1975,tt0073195,8
USA,Robert Altman,"Comedy, Drama, Music",English,96,Paramount Pictures,R,1-Jul-75,160 min,Nashville,1975,tt0073440,7.7
USA,Milos Forman,Drama,English,83,United Artists,R,19-Nov-75,133 min,One Flew Over the Cuckoo's Nest,1975,tt0073486,8.7
USA,Alan J. Pakula,"Biography, Drama, History, Thriller",English,80,Warner Home Video,PG,9-Apr-76,138 min,All the President's Men,1976,tt0074119,8
USA,Hal Ashby,"Biography, Drama, Music",English,70,United Artists,PG,5-Dec-76,147 min,Bound for Glory,1976,tt0074235,7.3
USA,Sidney Lumet,Drama,English,83,MGM/United Artists,R,27-Nov-76,121 min,Network,1976,tt0074958,8.1
USA,John G. Avildsen,"Drama, Sport",English,70,United Artists,PG,3-Dec-76,120 min,Rocky,1976,tt0075148,8.1
USA,Martin Scorsese,"Crime, Drama",English,94,Columbia Pictures,R,9-Feb-76,114 min,Taxi Driver,1976,tt0075314,8.3
USA,Woody Allen,"Comedy, Romance",English,92,United Artists,PG,20-Apr-77,93 min,Annie Hall,1977,tt0075686,8
USA,Herbert Ross,"Comedy, Drama, Romance",English,64,MGM Home Entertainment,PG,30-Nov-77,111 min,The Goodbye Girl,1977,tt0076095,7.4
USA,Fred Zinnemann,Drama,English,58,20th Century Fox Film Corporation,PG,20-Jan-78,117 min,Julia,1977,tt0076245,7.2
USA,George Lucas,"Action, Adventure, Fantasy, Sci-Fi",English,90,20th Century Fox,PG,25-May-77,121 min,Star Wars: Episode IV - A New Hope,1977,tt0076759,8.6
USA,Herbert Ross,"Drama, Romance",English,68,Paramount Pictures,PG,18-Nov-77,119 min,The Turning Point,1977,tt0076843,6.9
USA,Hal Ashby,"Drama, Romance, War",English,61,MGM Home Entertainment,R,15-Feb-78,127 min,Coming Home,1978,tt0077362,7.3
USA,Michael Cimino,"Drama, War",English,86,Universal Pictures,R,23-Feb-79,183 min,The Deer Hunter,1978,tt0077416,8.1
USA,"Warren Beatty, Buck Henry","Comedy, Fantasy, Romance, Sport",English,72,Paramount Home Video,PG,28-Jun-78,101 min,Heaven Can Wait,1978,tt0077663,6.9
UK,Alan Parker,"Biography, Crime, Drama, Thriller",English,59,Sony Pictures Home Entertainment,R,6-Oct-78,121 min,Midnight Express,1978,tt0077928,7.6
USA,Paul Mazursky,"Comedy, Drama, Romance",English,N/A,20th Century Fox Film Corporation,R,26-May-78,124 min,An Unmarried Woman,1978,tt0078444,7.1
USA,Bob Fosse,"Drama, Music, Musical",English,72,20th Century Fox Film Corporation,R,20-Dec-79,123 min,All That Jazz,1979,tt0078754,7.9
USA,Francis Ford Coppola,"Drama, Mystery, War",English,94,United Artists,R,15-Aug-79,147 min,Apocalypse Now,1979,tt0078788,8.4
USA,Peter Yates,"Comedy, Drama, Romance, Sport",English,91,Twentieth Century Fox,PG,20-Jul-79,101 min,Breaking Away,1979,tt0078902,7.7
USA,Robert Benton,Drama,English,77,Sony Pictures Home Entertainment,PG,19-Dec-79,105 min,Kramer vs. Kramer,1979,tt0079417,7.8
USA,Martin Ritt,Drama,English,61,20th Century Fox Film Corporat,PG,2-Mar-79,114 min,Norma Rae,1979,tt0079638,7.3
USA,Michael Apted,"Biography, Drama, Music",English,87,MCA Universal Home Video,PG,7-Mar-80,124 min,Coal Miner's Daughter,1980,tt0080549,7.5
USA,David Lynch,"Biography, Drama",English,77,Paramount,PG,10-Oct-80,124 min,The Elephant Man,1980,tt0080678,8.1
USA,Robert Redford,Drama,English,87,Paramount Pictures,R,26-Feb-81,124 min,Ordinary People,1980,tt0081283,7.7
USA,Martin Scorsese,"Biography, Drama, Sport",English,89,United Artists,R,19-Dec-80,129 min,Raging Bull,1980,tt0081398,8.2
UK,Hugh Hudson,"Biography, Drama, Sport",English,78,20th Century Fox,PG,9-Apr-82,125 min,Chariots of Fire,1981,tt0082158,7.2
UK,Mark Rydell,Drama,English,68,Twentieth Century Fox Home Entertainment,PG,12-Feb-82,109 min,On Golden Pond,1981,tt0082846,7.6
USA,Steven Spielberg,"Action, Adventure",English,85,Paramount Pictures,PG,12-Jun-81,115 min,Raiders of the Lost Ark,1981,tt0082971,8.4
USA,Warren Beatty,"Biography, Drama, History, Romance",English,76,Paramount Home Video,PG,25-Dec-81,195 min,Reds,1981,tt0082979,7.3
USA,Steven Spielberg,"Family, Sci-Fi",English,91,Universal Pictures,PG,11-Jun-82,115 min,E.T. the Extra-Terrestrial,1982,tt0083866,7.8
UK,Richard Attenborough,"Biography, Drama, History",English,79,Columbia Pictures,PG,25-Feb-83,191 min,Gandhi,1982,tt0083987,8
USA,Costa-Gavras,"Biography, Drama, History, Mystery, Thriller",English,78,Universal Pictures,PG,12-Mar-82,122 min,Missing,1982,tt0084335,7.7
USA,Sydney Pollack,"Comedy, Drama, Romance",English,88,Columbia Pictures,PG,17-Dec-82,116 min,Tootsie,1982,tt0084805,7.4
USA,Sidney Lumet,Drama,English,77,Twentieth Century Fox Home Entertainment,R,17-Dec-82,129 min,The Verdict,1982,tt0084855,7.7
USA,Lawrence Kasdan,"Comedy, Drama",English,61,Columbia Pictures,R,30-Sep-83,105 min,The Big Chill,1983,tt0085244,7.2
UK,Peter Yates,Drama,English,N/A,Sony Pictures Entertainment,PG,6-Dec-83,118 min,The Dresser,1983,tt0085461,7.7
USA,Philip Kaufman,"Adventure, Biography, Drama, History",English,91,Warner Bros. Pictures,PG,17-Feb-84,193 min,The Right Stuff,1983,tt0086197,7.8
USA,Bruce Beresford,"Drama, Music",English,N/A,HBO Video,PG,10-Jun-83,92 min,Tender Mercies,1983,tt0086423,7.4
USA,James L. Brooks,"Comedy, Drama",English,79,Paramount Pictures,PG,9-Dec-83,132 min,Terms of Endearment,1983,tt0086425,7.4
USA,Milos Forman,"Biography, Drama, History, Music",English,88,Warner Bros. Pictures,R,19-Sep-84,160 min,Amadeus,1984,tt0086879,8.3
UK,Roland Joffé,"Biography, Drama, History, War",English,76,Warner Home Video,R,1-Feb-85,141 min,The Killing Fields,1984,tt0087553,7.8
UK,David Lean,"Adventure, Drama, History",English,N/A,Sony Pictures Entertainment,PG,1-Feb-85,164 min,A Passage to India,1984,tt0087892,7.3
USA,Robert Benton,Drama,English,70,Twentieth Century Fox Home Entertainment,PG,5-Oct-84,111 min,Places in the Heart,1984,tt0087921,7.3
USA,Norman Jewison,"Crime, Drama, Mystery, War",English,N/A,Sony Pictures Home Entertainment,PG,2-Nov-84,101 min,A Soldier's Story,1984,tt0088146,7.2
USA,Steven Spielberg,Drama,English,78,Warner Home Video,PG-13,7-Feb-86,154 min,The Color Purple,1985,tt0088939,7.8
Brazil,Hector Babenco,Drama,English,80,Strand Releasing,R,26-Jul-85,120 min,Kiss of the Spider Woman,1985,tt0089424,7.4
USA,Sydney Pollack,"Biography, Drama, Romance",English,69,Universal Pictures,PG,20-Dec-85,161 min,Out of Africa,1985,tt0089755,7.2
USA,John Huston,"Comedy, Crime, Drama, Romance",English,84,Fox,R,14-Jun-85,130 min,Prizzi's Honor,1985,tt0089841,6.7
USA,Peter Weir,"Crime, Drama, Romance, Thriller",English,76,Paramount Pictures,R,8-Feb-85,112 min,Witness,1985,tt0090329,7.4
USA,Randa Haines,"Drama, Romance",English,80,Paramount Pictures,R,31-Oct-86,119 min,Children of a Lesser God,1986,tt0090830,7.2
USA,Woody Allen,"Comedy, Drama",English,90,Orion Pictures,PG-13,14-Mar-86,107 min,Hannah and Her Sisters,1986,tt0091167,7.9
UK,Roland Joffé,"Adventure, Drama, History",English,55,Warner Home Video,PG,31-Oct-86,125 min,The Mission,1986,tt0091530,7.4
USA,Oliver Stone,"Drama, War",English,92,Orion Pictures,R,6-Feb-87,120 min,Platoon,1986,tt0091763,8.1
USA,James L. Brooks,"Comedy, Drama, Romance",English,84,Twentieth Century Fox Home Entertainment,R,25-Dec-87,133 min,Broadcast News,1987,tt0092699,7.2
USA,Adrian Lyne,"Drama, Thriller",English,67,Paramount Pictures,R,18-Sep-87,119 min,Fatal Attraction,1987,tt0093010,6.9
UK,John Boorman,"Comedy, Drama, Romance",English,N/A,Nelson Entertainment,PG-13,19-Feb-88,113 min,Hope and Glory,1987,tt0093209,7.3
UK,Bernardo Bertolucci,"Biography, Drama, History",English,76,Columbia Pictures,PG-13,15-Apr-88,163 min,The Last Emperor,1987,tt0093389,7.7
USA,Norman Jewison,"Comedy, Drama, Romance",English,83,MGM Home Entertainment,PG,15-Jan-88,102 min,Moonstruck,1987,tt0093565,7.1
USA,Lawrence Kasdan,"Drama, Romance",English,53,Warner Home Video,PG,6-Jan-89,121 min,The Accidental Tourist,1988,tt0094606,6.8
USA,Stephen Frears,"Drama, Romance",English,74,Warner Home Video,R,24-Feb-89,119 min,Dangerous Liaisons,1988,tt0094947,7.6
USA,Alan Parker,"Crime, Drama, History, Mystery, Thriller",English,65,Orion Pictures Corporation,R,27-Jan-89,128 min,Mississippi Burning,1988,tt0095647,7.8
USA,Barry Levinson,Drama,English,65,MGM,R,16-Dec-88,133 min,Rain Man,1988,tt0095953,8
USA,Mike Nichols,"Comedy, Drama, Romance",English,73,20th Century Fox,R,21-Dec-88,113 min,Working Girl,1988,tt0096463,6.8
USA,Oliver Stone,"Biography, Drama, War",English,75,Universal Pictures,R,5-Jan-90,145 min,Born on the Fourth of July,1989,tt0096969,7.2
USA,Peter Weir,"Comedy, Drama",English,79,Buena Vista Pictures,PG,9-Jun-89,128 min,Dead Poets Society,1989,tt0097165,8.1
USA,Bruce Beresford,Drama,English,81,Fathom Events,PG,26-Jan-90,99 min,Driving Miss Daisy,1989,tt0097239,7.4
USA,Phil Alden Robinson,"Drama, Family, Fantasy, Sport",English,57,Universal Pictures,PG,5-May-89,107 min,Field of Dreams,1989,tt0097351,7.5
Ireland,Jim Sheridan,"Biography, Drama",English,97,HBO Video,R,30-Mar-90,103 min,My Left Foot,1989,tt0097937,7.9
USA,Penny Marshall,"Biography, Drama",English,74,Columbia Pictures,PG-13,11-Jan-91,121 min,Awakenings,1990,tt0099077,7.8
USA,Kevin Costner,"Adventure, Drama, Western",English,72,Orion Pictures,PG-13,21-Nov-90,181 min,Dances with Wolves,1990,tt0099348,8
USA,Jerry Zucker,"Drama, Fantasy, Romance, Thriller",English,52,Paramount Pictures,PG-13,13-Jul-90,127 min,Ghost,1990,tt0099653,7
USA,Francis Ford Coppola,"Crime, Drama",English,60,Paramount Pictures,R,25-Dec-90,162 min,The Godfather: Part III,1990,tt0099674,7.6
USA,"Gary Trousdale, Kirk Wise","Animation, Family, Fantasy, Musical, Romance",English,95,Buena Vista,G,22-Nov-91,84 min,Beauty and the Beast,1991,tt0101414,8
USA,Barry Levinson,"Biography, Crime, Drama",English,80,Sony Pictures Home Entertainment,R,20-Dec-91,136 min,Bugsy,1991,tt0101516,6.8
France,Oliver Stone,"Drama, History, Thriller",English,72,Warner Bros.,R,20-Dec-91,189 min,JFK,1991,tt0102138,8
USA,Barbra Streisand,"Drama, Romance",English,65,Sony Pictures Home Entertainment,R,25-Dec-91,132 min,The Prince of Tides,1991,tt0102713,6.7
USA,Jonathan Demme,"Crime, Drama, Thriller",English,85,Orion Pictures Corporation,R,14-Feb-91,118 min,The Silence of the Lambs,1991,tt0102926,8.6
UK,Neil Jordan,"Crime, Drama, Romance, Thriller",English,90,Live Home Video,R,19-Feb-93,112 min,The Crying Game,1992,tt0104036,7.2
USA,Rob Reiner,"Drama, Thriller",English,62,Columbia Pictures,R,11-Dec-92,138 min,A Few Good Men,1992,tt0104257,7.7
UK,James Ivory,"Drama, Romance",English,89,Sony Pictures Home Entertainment,PG,26-Feb-93,142 min,Howards End,1992,tt0104454,7.4
USA,Martin Brest,Drama,English,59,Universal Pictures,R,8-Jan-93,156 min,Scent of a Woman,1992,tt0105323,8
USA,Clint Eastwood,"Drama, Western",English,85,Warner Bros. Pictures,R,7-Aug-92,130 min,Unforgiven,1992,tt0105695,8.2
USA,Andrew Davis,"Action, Crime, Drama, Mystery, Thriller",English,87,Warner Bros. Pictures,PG-13,6-Aug-93,130 min,The Fugitive,1993,tt0106977,7.8
Ireland,Jim Sheridan,"Biography, Drama",English,84,Universal Pictures,R,25-Feb-94,133 min,In the Name of the Father,1993,tt0107207,8.1
New Zealand,Jane Campion,"Drama, Music, Romance",English,89,Miramax Films,R,11-Feb-94,121 min,The Piano,1993,tt0107822,7.6
USA,James Ivory,"Drama, Romance",English,84,Sony Pictures Home Entertainment,PG,19-Nov-93,134 min,The Remains of the Day,1993,tt0107943,7.8
USA,Steven Spielberg,"Biography, Drama, History",English,94,Universal Pictures,R,4-Feb-94,195 min,Schindler's List,1993,tt0108052,8.9
USA,Robert Zemeckis,"Drama, Romance",English,82,Paramount Pictures,PG-13,6-Jul-94,142 min,Forrest Gump,1994,tt0109830,8.8
UK,Mike Newell,"Comedy, Drama, Romance",English,81,Gramercy Pictures,R,15-Apr-94,117 min,Four Weddings and a Funeral,1994,tt0109831,7
USA,Quentin Tarantino,"Crime, Drama",English,94,Miramax Films,R,14-Oct-94,154 min,Pulp Fiction,1994,tt0110912,8.9
USA,Robert Redford,"Biography, Drama, History",English,88,Buena Vista Internationa,PG-13,7-Oct-94,133 min,Quiz Show,1994,tt0110932,7.5
USA,Frank Darabont,Drama,English,80,Columbia Pictures,R,14-Oct-94,142 min,The Shawshank Redemption,1994,tt0111161,9.3
USA,Ron Howard,"Adventure, Drama, History",English,77,Universal Pictures,PG,30-Jun-95,140 min,Apollo 13,1995,tt0112384,7.6
Australia,Chris Noonan,"Comedy, Drama, Family",English,83,Universal Pictures,G,4-Aug-95,91 min,Babe,1995,tt0112431,6.7
USA,Mel Gibson,"Biography, Drama, History, War",English,68,Paramount Pictures,R,24-May-95,178 min,Braveheart,1995,tt0112573,8.3
USA,Ang Lee,"Drama, Romance",English,84,Columbia Pictures,PG,26-Jan-96,136 min,Sense and Sensibility,1995,tt0114388,7.6
USA,Anthony Minghella,"Drama, Romance, War",English,87,Miramax Films,R,6-Dec-96,162 min,The English Patient,1996,tt0116209,7.4
USA,"Joel Coen, Ethan Coen","Crime, Drama, Thriller",English,85,MGM,R,5-Apr-96,98 min,Fargo,1996,tt0116282,8.1
USA,Cameron Crowe,"Comedy, Drama, Romance, Sport",English,77,TriStar Pictures,R,13-Dec-96,139 min,Jerry Maguire,1996,tt0116695,7.3
UK,Mike Leigh,Drama,English,91,Twentieth Century Fox Home Entertainment,R,28-Feb-97,136 min,Secrets & Lies,1996,tt0117589,8
Australia,Scott Hicks,"Biography, Drama, Music, Romance",English,87,New Line Home Entertainment,PG-13,14-Feb-97,105 min,Shine,1996,tt0117631,7.7
USA,James L. Brooks,"Comedy, Drama, Romance",English,67,TriStar Pictures,PG-13,25-Dec-97,139 min,As Good as It Gets,1997,tt0119822,7.7
UK,Peter Cattaneo,"Comedy, Drama",English,75,Twentieth Century Fox Home Entertainment,R,19-Sep-97,91 min,The Full Monty,1997,tt0119164,7.2
USA,Gus Van Sant,"Drama, Romance",English,70,Miramax Films,R,9-Jan-98,126 min,Good Will Hunting,1997,tt0119217,8.3
USA,Curtis Hanson,"Crime, Drama, Mystery, Thriller",English,90,Warner Bros. Pictures,R,19-Sep-97,138 min,L.A. Confidential,1997,tt0119488,8.2
USA,James Cameron,"Drama, Romance",English,75,Paramount Pictures,PG-13,19-Dec-97,194 min,Titanic,1997,tt0120338,7.8
UK,Shekhar Kapur,"Biography, Drama, History",English,75,Gramercy,R,19-Feb-99,124 min,Elizabeth,1998,tt0127536,7.4
USA,Steven Spielberg,"Drama, War",English,91,Paramount Pictures,R,24-Jul-98,169 min,Saving Private Ryan,1998,tt0120815,8.6
USA,John Madden,"Comedy, Drama, History, Romance",English,87,Miramax,R,8-Jan-99,123 min,Shakespeare in Love,1998,tt0138097,7.1
USA,Terrence Malick,"Drama, War",English,78,20th Century Fox,R,15-Jan-99,170 min,The Thin Red Line,1998,tt0120863,7.6
USA,Sam Mendes,Drama,English,84,Dreamworks,R,1-Oct-99,122 min,American Beauty,1999,tt0169547,8.3
USA,Lasse Hallström,"Drama, Romance",English,75,Miramax,PG-13,7-Jan-00,126 min,The Cider House Rules,1999,tt0124315,7.4
USA,Frank Darabont,"Crime, Drama, Fantasy, Mystery",English,61,Warner Bros. Pictures,R,10-Dec-99,189 min,The Green Mile,1999,tt0120689,8.6
USA,Michael Mann,"Biography, Drama, Thriller",English,84,Buena Vista Pictures,R,5-Nov-99,157 min,The Insider,1999,tt0140352,7.8
USA,M. Night Shyamalan,"Drama, Mystery, Thriller",English,64,Hollywood/Buena Vista,PG-13,6-Aug-99,107 min,The Sixth Sense,1999,tt0167404,8.1
UK,Lasse Hallström,"Drama, Romance",English,64,Miramax,PG-13,19-Jan-01,121 min,Chocolat,2000,tt0241303,7.2
Taiwan,Ang Lee,"Action, Adventure, Fantasy, Romance",Mandarin,93,Sony Pictures Classics,PG-13,12-Jan-01,120 min,"Crouching Tiger, Hidden Dragon",2000,tt0190332,7.8
USA,Steven Soderbergh,"Biography, Drama",English,73,Universal Pictures,R,17-Mar-00,131 min,Erin Brockovich,2000,tt0195685,7.3
USA,Ridley Scott,"Action, Adventure, Drama",English,67,Dreamworks Distribution LLC,R,5-May-00,155 min,Gladiator,2000,tt0172495,8.5
USA,Steven Soderbergh,"Crime, Drama, Thriller",English,86,USA Films,R,5-Jan-01,147 min,Traffic,2000,tt0181865,7.6
USA,Ron Howard,"Biography, Drama",English,72,Universal Pictures,PG-13,4-Jan-02,135 min,A Beautiful Mind,2001,tt0268978,8.2
USA,Robert Altman,"Comedy, Drama, Mystery",English,90,USA Films,R,18-Jan-02,131 min,Gosford Park,2001,tt0280707,7.2
USA,Todd Field,"Crime, Drama",English,86,Miramax Films,R,8-Feb-02,130 min,In the Bedroom,2001,tt0247425,7.4
New Zealand,Peter Jackson,"Adventure, Drama, Fantasy",English,92,New Line Cinema,PG-13,19-Dec-01,178 min,The Lord of the Rings: The Fellowship of the Ring,2001,tt0120737,8.8
Australia,Baz Luhrmann,"Drama, Musical, Romance",English,66,20th Century Fox,PG-13,1-Jun-01,127 min,Moulin Rouge!,2001,tt0203009,7.6
USA,Rob Marshall,"Comedy, Crime, Musical",English,82,Miramax Films,PG-13,24-Jan-03,113 min,Chicago,2002,tt0299658,7.1
USA,Martin Scorsese,"Crime, Drama",English,72,Miramax Films,R,20-Dec-02,167 min,Gangs of New York,2002,tt0217505,7.5
USA,Stephen Daldry,"Drama, Romance",English,80,Miramax Films,PG-13,14-Feb-03,110 min,The Hours,2002,tt0274558,7.5
New Zealand,Peter Jackson,"Adventure, Drama, Fantasy",English,87,New Line Cinema,PG-13,18-Dec-02,179 min,The Lord of the Rings: The Two Towers,2002,tt0167261,8.7
UK,Roman Polanski,"Biography, Drama, Music, War",English,85,Focus Features,R,28-Mar-03,150 min,The Pianist,2002,tt0253474,8.5
New Zealand,Peter Jackson,"Adventure, Drama, Fantasy",English,94,New Line Cinema,PG-13,17-Dec-03,201 min,The Lord of the Rings: The Return of the King,2003,tt0167260,8.9
USA,Sofia Coppola,Drama,English,89,Focus Features,R,3-Oct-03,102 min,Lost in Translation,2003,tt0335266,7.7
USA,Peter Weir,"Action, Adventure, Drama, History, War",English,81,20th Century Fox,PG-13,14-Nov-03,138 min,Master and Commander: The Far Side of the World,2003,tt0311113,7.4
USA,Clint Eastwood,"Crime, Drama, Mystery, Thriller",English,84,WB,R,15-Oct-03,138 min,Mystic River,2003,tt0327056,7.9
USA,Gary Ross,"Drama, History, Sport",English,72,Universal Pictures,PG-13,25-Jul-03,140 min,Seabiscuit,2003,tt0329575,7.3
USA,Martin Scorsese,"Biography, Drama",English,77,Miramax,PG-13,25-Dec-04,170 min,The Aviator,2004,tt0338751,7.5
USA,Marc Forster,"Biography, Drama, Family",English,67,Miramax Films,PG,17-Dec-04,106 min,Finding Neverland,2004,tt0308644,7.7
USA,Clint Eastwood,"Drama, Sport",English,86,Warner Bros. Pictures,PG-13,28-Jan-05,132 min,Million Dollar Baby,2004,tt0405159,8.1
USA,Taylor Hackford,"Biography, Drama, Music",English,73,Universal Pictures,PG-13,29-Oct-04,152 min,Ray,2004,tt0350258,7.7
USA,Alexander Payne,"Comedy, Drama, Romance",English,94,Fox Searchlight Pictures,R,21-Jan-05,127 min,Sideways,2004,tt0375063,7.5
USA,Ang Lee,"Drama, Romance",English,87,Focus Features,R,13-Jan-06,134 min,Brokeback Mountain,2005,tt0388795,7.7
USA,Bennett Miller,"Biography, Crime, Drama, History",English,88,Sony Pictures Classics,R,3-Feb-06,114 min,Capote,2005,tt0379725,7.3
Spain,Nacho Vigalondo,"Short, Action",Spanish,N/A,N/A,N/A,16-Mar-07,10 min,Crash,2005,tt0485877,6.3
USA,George Clooney,"Biography, Drama, History",English,80,Warner Independent Pictures,PG,4-Nov-05,93 min,"Good Night, and Good Luck.",2005,tt0433383,7.4
France,Steven Spielberg,"Biography, Crime, Drama, History, Thriller",English,74,Universal Pictures,R,6-Jan-06,164 min,Munich,2005,tt0408306,7.5
France,Alejandro G. Iñárritu,Drama,English,69,Paramount Classics,R,10-Nov-06,143 min,Babel,2006,tt0449467,7.4
USA,Martin Scorsese,"Crime, Drama, Thriller",English,85,Warner Bros. Pictures,R,6-Oct-06,151 min,The Departed,2006,tt0407887,8.5
USA,Clint Eastwood,"Action, Adventure, Drama, History, War",Japanese,89,Warner Bros. Pictures,R,2-Feb-07,141 min,Letters from Iwo Jima,2006,tt0498380,7.9
USA,"Jonathan Dayton, Valerie Faris","Comedy, Drama",English,80,Fox Searchlight,R,18-Aug-06,101 min,Little Miss Sunshine,2006,tt0449059,7.8
UK,Stephen Frears,"Biography, Drama, History",English,91,Miramax Films,PG-13,17-Nov-06,103 min,The Queen,2006,tt0436697,7.3
UK,Joe Wright,"Drama, Mystery, Romance, War",English,85,Focus Features,R,11-Jan-08,123 min,Atonement,2007,tt0783233,7.8
USA,Jason Reitman,"Comedy, Drama",English,81,Fox Searchlight,PG-13,25-Dec-07,96 min,Juno,2007,tt0467406,7.4
USA,Tony Gilroy,"Crime, Drama, Mystery, Thriller",English,82,Warner Bros. Pictures,R,12-Oct-07,119 min,Michael Clayton,2007,tt0465538,7.2
USA,"Ethan Coen, Joel Coen","Crime, Drama, Thriller",English,91,Miramax Films,R,21-Nov-07,122 min,No Country for Old Men,2007,tt0477348,8.1
USA,Paul Thomas Anderson,Drama,English,93,Paramount Vantage,R,25-Jan-08,158 min,There Will Be Blood,2007,tt0469494,8.1
USA,David Fincher,"Drama, Fantasy, Romance",English,70,Paramount,PG-13,25-Dec-08,166 min,The Curious Case of Benjamin Button,2008,tt0421715,7.8
UK,Ron Howard,"Biography, Drama, History",English,80,Universal Pictures,R,23-Jan-09,122 min,Frost/Nixon,2008,tt0870111,7.7
USA,Gus Van Sant,"Biography, Drama",English,84,Focus Features,R,30-Jan-09,128 min,Milk,2008,tt1013753,7.5
Germany,Stephen Daldry,"Drama, Romance",English,58,The Weinstein Co./MGM,R,30-Jan-09,124 min,The Reader,2008,tt0976051,7.6
UK,"Danny Boyle, Loveleen Tandan(co-director)","Drama, Romance",English,86,Fox Searchlight Pictures,R,25-Dec-08,120 min,Slumdog Millionaire,2008,tt1010048,8
USA,James Cameron,"Action, Adventure, Fantasy, Sci-Fi",English,83,20th Century Fox,PG-13,18-Dec-09,162 min,Avatar,2009,tt0499549,7.8
USA,John Lee Hancock,"Biography, Drama, Sport",English,53,Warner Bros. Pictures,PG-13,20-Nov-09,129 min,The Blind Side,2009,tt0878804,7.6
South Africa,Neill Blomkamp,"Action, Sci-Fi, Thriller",English,81,Sony Pictures/Screen Gems,R,14-Aug-09,112 min,District 9,2009,tt1136608,7.9
UK,Lone Scherfig,Drama,English,85,Sony Classics,PG-13,5-Feb-10,100 min,An Education,2009,tt1174732,7.3
USA,Quentin Tarantino,"Adventure, Drama, War",English,69,The Weinstein Company,R,21-Aug-09,153 min,Inglourious Basterds,2009,tt0361748,8.3
USA,"Ethan Coen, Joel Coen","Comedy, Drama",English,79,Focus Features,R,6-Nov-09,106 min,A Serious Man,2009,tt1019452,7
USA,"Pete Docter, Bob Peterson(co-director)","Animation, Adventure, Comedy, Family",English,88,Walt Disney Pictures,PG,29-May-09,96 min,Up,2009,tt1049413,8.2
USA,Jason Reitman,"Comedy, Drama, Romance",English,83,Paramount Pictures,R,23-Dec-09,109 min,Up in the Air,2009,tt1193138,7.4
USA,Darren Aronofsky,"Drama, Thriller",English,79,Fox Searchlight,R,17-Dec-10,108 min,Black Swan,2010,tt0947798,8
USA,David O. Russell,"Biography, Drama, Sport",English,79,Paramount Pictures,R,17-Dec-10,116 min,The Fighter,2010,tt0964517,7.8
USA,Christopher Nolan,"Action, Adventure, Sci-Fi, Thriller",English,74,Warner Bros. Pictures,PG-13,16-Jul-10,148 min,Inception,2010,tt1375666,8.8
USA,Lisa Cholodenko,"Comedy, Drama, Romance",English,86,Focus Features,R,30-Jul-10,106 min,The Kids Are All Right,2010,tt0842926,7
UK,Tom Hooper,"Biography, Drama, History",English,88,The Weinstein Company,R,25-Dec-10,118 min,The King's Speech,2010,tt1504320,8
USA,Danny Boyle,"Biography, Drama",English,82,Fox Searchlight,R,28-Jan-11,94 min,127 Hours,2010,tt1542344,7.6
USA,David Fincher,"Biography, Drama",English,95,Columbia Pictures,PG-13,1-Oct-10,120 min,The Social Network,2010,tt1285016,7.7
USA,Lee Unkrich,"Animation, Adventure, Comedy, Family, Fantasy",English,92,Walt Disney Pictures,G,18-Jun-10,103 min,Toy Story 3,2010,tt0435761,8.3
USA,"Ethan Coen, Joel Coen","Drama, Western",English,80,Paramount Pictures,PG-13,22-Dec-10,110 min,True Grit,2010,tt1403865,7.6
USA,Debra Granik,"Drama, Mystery",English,90,Roadside Attractions,R,16-Jul-10,100 min,Winter's Bone,2010,tt1399683,7.2
France,Michel Hazanavicius,"Comedy, Drama, Romance",English,89,The Weinstein Company,PG-13,20-Jan-12,100 min,The Artist,2011,tt1655442,7.9
USA,Alexander Payne,"Comedy, Drama",English,84,Fox Searchlight Pictures,R,9-Dec-11,115 min,The Descendants,2011,tt1033575,7.3
USA,Stephen Daldry,"Adventure, Drama, Mystery",English,46,Warner Bros. Pictures,PG-13,20-Jan-12,129 min,Extremely Loud & Incredibly Close,2011,tt0477302,6.9
USA,Tate Taylor,Drama,English,62,DreamWorks Studios,PG-13,10-Aug-11,146 min,The Help,2011,tt1454029,8.1
UK,Martin Scorsese,"Drama, Family, Fantasy, Mystery",English,83,Paramount Studios,PG,23-Nov-11,126 min,Hugo,2011,tt0970179,7.5
Spain,Woody Allen,"Comedy, Fantasy, Romance",English,81,Sony Pictures Classics,PG-13,10-Jun-11,94 min,Midnight in Paris,2011,tt1605783,7.7
USA,Bennett Miller,"Biography, Drama, Sport",English,87,Sony Pictures,PG-13,23-Sep-11,133 min,Moneyball,2011,tt1210166,7.6
USA,Terrence Malick,"Drama, Fantasy",English,85,Fox Searchlight,PG-13,17-May-11,139 min,The Tree of Life,2011,tt0478304,6.8
USA,Steven Spielberg,"Action, Adventure, Drama, History, War",English,72,Walt Disney Pictures,PG-13,25-Dec-11,146 min,War Horse,2011,tt1568911,7.2
Austria,Michael Haneke,"Drama, Romance",French,94,Sony Pictures Classics,PG-13,20-Sep-12,127 min,Amour,2012,tt1602620,7.9
USA,Ben Affleck,"Biography, Drama, Thriller",English,86,Warner Bros. Pictures,R,12-Oct-12,120 min,Argo,2012,tt1024648,7.7
USA,Benh Zeitlin,"Adventure, Drama, Fantasy",English,86,Fox Searchlight,PG-13,5-Jul-12,93 min,Beasts of the Southern Wild,2012,tt2125435,7.3
USA,Quentin Tarantino,"Drama, Western",English,81,The Weinstein Co.,R,25-Dec-12,165 min,Django Unchained,2012,tt1853728,8.4
UK,Tom Hooper,"Drama, History, Musical, Romance, War",English,63,Universal Pictures,PG-13,25-Dec-12,158 min,Les Misérables,2012,tt1707386,7.6
USA,Ang Lee,"Adventure, Drama, Fantasy",English,79,20th Century Fox,PG,21-Nov-12,127 min,Life of Pi,2012,tt0454876,7.9
USA,Steven Spielberg,"Biography, Drama, History, War",English,86,Dreamworks Pictures,PG-13,16-Nov-12,150 min,Lincoln,2012,tt0443272,7.3
USA,David O. Russell,"Comedy, Drama, Romance",English,81,The Weinstein Company,R,25-Dec-12,122 min,Silver Linings Playbook,2012,tt1045658,7.7
USA,Kathryn Bigelow,"Drama, Thriller",English,95,Columbia Pictures,R,11-Jan-13,157 min,Zero Dark Thirty,2012,tt1790885,7.4
USA,David O. Russell,"Crime, Drama",English,90,Sony Pictures,R,20-Dec-13,138 min,American Hustle,2013,tt1800241,7.2
USA,Paul Greengrass,"Biography, Crime, Drama, Thriller",English,83,Sony Pictures,PG-13,11-Oct-13,134 min,Captain Phillips,2013,tt1535109,7.8
USA,Jean-Marc Vallée,"Biography, Drama",English,84,Focus Features,R,22-Nov-13,117 min,Dallas Buyers Club,2013,tt0790636,8
UK,Alfonso Cuarón,"Drama, Sci-Fi, Thriller",English,96,Warner Bros. Pictures,PG-13,4-Oct-13,91 min,Gravity,2013,tt1454468,7.7
USA,Spike Jonze,"Drama, Romance, Sci-Fi",English,90,Warner Bros. Pictures,R,10-Jan-14,126 min,Her,2013,tt1798709,8
USA,Alexander Payne,"Adventure, Comedy, Drama",English,86,Paramount Pictures,R,24-Jan-14,115 min,Nebraska,2013,tt1821549,7.7
UK,Stephen Frears,"Biography, Comedy, Drama",English,77,The Weinstein Company,PG-13,27-Nov-13,98 min,Philomena,2013,tt2431286,7.6
USA,Steve McQueen,"Biography, Drama, History",English,96,Fox Searchlight,R,8-Nov-13,134 min,12 Years a Slave,2013,tt2024544,8.1
USA,Martin Scorsese,"Biography, Crime, Drama",English,75,Paramount Studios,R,25-Dec-13,180 min,The Wolf of Wall Street,2013,tt0993846,8.2
USA,Clint Eastwood,"Action, Biography, Drama, War",English,72,Warner Bros.,R,16-Jan-15,133 min,American Sniper,2014,tt2179136,7.3
USA,Alejandro G. Iñárritu,"Comedy, Drama",English,87,Fox Searchlight,R,14-Nov-14,119 min,Birdman or (The Unexpected Virtue of Ignorance),2014,tt2562232,7.7
USA,Richard Linklater,Drama,English,100,IFC Films,R,15-Aug-14,165 min,Boyhood,2014,tt1065073,7.9
Germany,Wes Anderson,"Adventure, Comedy, Crime",English,88,Fox Searchlight,R,28-Mar-14,99 min,The Grand Budapest Hotel,2014,tt2278388,8.1
UK,Morten Tyldum,"Biography, Drama, Thriller, War",English,73,The Weinstein Company,PG-13,25-Dec-14,114 min,The Imitation Game,2014,tt2084970,8
UK,Ava DuVernay,"Biography, Drama, History",English,88,Paramount Pictures,PG-13,9-Jan-15,128 min,Selma,2014,tt1020072,7.5
UK,James Marsh,"Biography, Drama, Romance",English,72,Focus Features,PG-13,26-Nov-14,123 min,The Theory of Everything,2014,tt2980516,7.7
USA,Damien Chazelle,"Drama, Music",English,88,Sony Pictures Classics,R,15-Oct-14,106 min,Whiplash,2014,tt2582802,8.5
USA,Adam McKay,"Biography, Comedy, Drama, History",English,81,Paramount Pictures,R,23-Dec-15,130 min,The Big Short,2015,tt1596363,7.8
Germany,Steven Spielberg,"Drama, History, Thriller",English,81,Dreamworks Pictures,PG-13,16-Oct-15,142 min,Bridge of Spies,2015,tt3682448,7.6
UK,John Crowley,"Drama, Romance",English,88,Fox Searchlight Pictures,PG-13,25-Nov-15,117 min,Brooklyn,2015,tt2381111,7.5
Australia,George Miller,"Action, Adventure, Sci-Fi, Thriller",English,90,Warner Bros.,R,15-May-15,120 min,Mad Max: Fury Road,2015,tt1392190,8.1
UK,Ridley Scott,"Adventure, Drama, Sci-Fi",English,80,20th Century Fox,PG-13,2-Oct-15,144 min,The Martian,2015,tt3659388,8
USA,Alejandro G. Iñárritu,"Action, Adventure, Biography, Drama, History, Western",English,76,20th Century Fox,R,8-Jan-16,156 min,The Revenant,2015,tt1663202,8
Ireland,Lenny Abrahamson,"Drama, Thriller",English,86,Element Pictures,R,22-Jan-16,118 min,Room,2015,tt3170832,8.1
USA,Tom McCarthy,"Biography, Crime, Drama",English,93,Open Road Films,R,20-Nov-15,129 min,Spotlight,2015,tt1895587,8.1
USA,Denis Villeneuve,"Drama, Mystery, Sci-Fi, Thriller",English,81,21 Laps Entertainment,PG-13,11-Nov-16,116 min,Arrival,2016,tt2543164,7.9
USA,Denzel Washington,Drama,English,79,Paramount Pictures,PG-13,25-Dec-16,139 min,Fences,2016,tt2671706,7.2
Australia,Mel Gibson,"Biography, Drama, History, War",English,71,Summit Entertainment,R,4-Nov-16,139 min,Hacksaw Ridge,2016,tt2119532,8.1
USA,David Mackenzie,"Action, Crime, Drama, Thriller, Western",English,88,Film 44,R,26-Aug-16,102 min,Hell or High Water,2016,tt2582782,7.6
USA,Theodore Melfi,"Biography, Drama, History",English,74,20th Century Fox,PG,6-Jan-17,127 min,Hidden Figures,2016,tt4846340,7.8
USA,Damien Chazelle,"Comedy, Drama, Music, Musical, Romance",English,93,Liongate Films,PG-13,25-Dec-16,128 min,La La Land,2016,tt3783958,8
UK,Garth Davis,"Biography, Drama",English,69,See-Saw Films,PG-13,6-Jan-17,118 min,Lion,2016,tt3741834,8
USA,Kenneth Lonergan,Drama,English,96,Roadside Attractions ,R,16-Dec-16,137 min,Manchester by the Sea,2016,tt4034228,7.8
USA,Barry Jenkins,Drama,English,99,A24 Films,R,18-Nov-16,111 min,Moonlight,2016,tt4975722,7.4
Italy,Luca Guadagnino,"Drama, Romance",English,93,Sony Pictures Classics,R,19-Jan-18,132 min,Call Me by Your Name,2017,tt5726616,7.9
UK,Joe Wright,"Biography, Drama, History, War",English,75,Focus Features,PG-13,22-Dec-17,125 min,Darkest Hour,2017,tt4555426,7.4
UK,Christopher Nolan,"Action, Drama, History, Thriller, War",English,94,Warner Bros. Pictures,PG-13,21-Jul-17,106 min,Dunkirk,2017,tt5013056,7.9
USA,Jordan Peele,"Horror, Mystery, Thriller",English,84,Universal Pictures,R,24-Feb-17,104 min,Get Out,2017,tt5052448,7.7
USA,Greta Gerwig,"Comedy, Drama",English,94,A24,R,1-Dec-17,94 min,Lady Bird,2017,tt4925292,7.4
USA,Paul Thomas Anderson,"Drama, Romance",English,90,Focus Features,R,19-Jan-18,130 min,Phantom Thread,2017,tt5776858,7.5
USA,Steven Spielberg,"Biography, Drama, History, Thriller",English,83,20th Century Fox,PG-13,12-Jan-18,116 min,The Post,2017,tt6294822,7.2
USA,Guillermo del Toro,"Adventure, Drama, Fantasy, Romance, Thriller",English,87,Fox Searchlight Pictures,R,22-Dec-17,123 min,The Shape of Water,2017,tt5580390,7.3
UK,Martin McDonagh,"Comedy, Crime, Drama",English,88,Fox Searchlight Pictures,R,1-Dec-17,115 min,"Three Billboards Outside Ebbing, Missouri",2017,tt5027774,8.2
